gene_name,sample1,sample2,sample3,sample4,sample5,sample6
Sk1,292,201,206,390,285,234
Caper,3145,3053,2842,3029,2599,2356
CG7080,0,0,1,0,0,1
Jarid2,1778,1539,1585,1868,1374,1525
Ankle2,809,776,821,970,725,708
eIF3i,2115,1919,2037,2560,1795,1454
Svip,364,347,347,348,279,289
CG34433,107,140,147,251,200,165
CG14435,1647,1741,1455,1610,1371,1204
spdi,1086,936,865,944,722,740
Myo31DF,2255,1430,1407,3354,2560,2197
CG30037,143,182,182,234,189,140
CG6980,895,969,967,1340,1094,1305
CG8613,1591,1298,1273,1902,1330,1228
MKP-4,260,266,220,269,202,212
c-cup,702,915,1001,1157,965,823
Diedel,5,2,4,4,8,5
CG4839,1113,701,730,995,918,806
CG17732,29,29,41,35,36,38
18w,1375,1067,1032,1124,918,858
CG18281,360,423,380,461,373,249
FBtr0309624_df_nrg,0,0,0,0,0,0
CR46072,0,0,0,1,2,1
Alp8,43,39,58,9,24,10
CG10910,6716,2221,2116,5219,5619,3207
CG31189,92,79,95,97,79,66
Spn31A,522,381,437,396,315,283
FBtr0309677_df_nrg,0,0,0,0,0,0
CG45066,576,765,750,957,868,664
larp,13274,9951,10398,12175,9722,10467
Tmem43,322,359,376,360,304,300
CG32313,614,716,718,790,647,577
Sbf,1191,1159,1193,1422,1099,983
CG13023,26,31,29,68,85,56
Elo68beta,5,5,3,2,3,3
alphaCOP,2469,2128,2032,2605,1938,1872
CG15478,29,37,39,17,8,12
CG1902,2384,2353,2483,3415,2749,2541
CG18449,7446,7816,8153,8859,7749,8458
CG10576,4624,4467,4701,4526,4114,3620
alphaSnap,3218,2913,2829,2997,2362,2475
FBtr0304332_df_nrg,0,0,0,0,0,0
CG30026,550,390,368,638,577,639
ed,2488,2198,2195,2350,1748,1356
Nup98-96,2301,2211,2196,2694,2377,2150
Taf2,551,528,530,541,383,491
Gyc76C,1200,258,250,125,1053,1082
CG34245,135,245,244,284,198,158
CG43082,0,0,0,1,0,0
CG5568,1,2,0,0,0,0
pyd3,479,498,485,621,476,443
Fas1,14049,11883,10598,9617,7863,8476
Actn3,1266,1511,1462,2026,1748,1940
MED23,235,172,174,222,166,204
CG17754,1428,1243,1335,1493,1231,1240
BTBD9,1865,1912,1738,2176,1871,1965
Hsp83,23358,23775,22871,17225,13430,11701
CG32061,729,977,884,1092,938,868
CG12477,162,204,172,195,140,126
gammaTub23C,370,383,399,410,337,310
CG3546,0,3,1,0,1,2
DIP-epsilon,285,317,274,276,174,209
CG4480,934,1311,1143,1420,1266,683
Hmx,49,35,37,31,23,31
maf-S,1330,1149,1190,1377,1099,915
Axud1,895,855,824,819,735,678
CG6834,973,841,778,875,843,675
Rdl,4760,5815,4831,3881,3035,2746
psh,342,328,287,391,295,237
Eaf,2352,1782,1775,2101,1789,2195
FBtr0472725_df_nrg,0,0,0,0,0,0
RpS13,20808,17900,19630,20689,17026,16515
FBtr0304482_df_nrg,0,0,0,0,0,0
Sol1,93,90,60,81,54,58
Ir7f,3,4,0,3,2,3
Aps,5347,4546,4353,5503,4876,5252
if,3661,2942,2960,3726,3002,2652
Or67a,1,6,2,2,7,3
RpL23A,18961,19142,18425,22232,19354,18358
Remo,513,378,400,357,293,335
Rilpl,2654,2249,2086,2487,1923,2575
alpha-Est3,3497,3641,3535,4439,3718,2808
CG8768,748,536,564,686,592,409
Mbs,6179,4890,4711,6054,4525,5505
CG30002,402,372,383,371,333,216
CG5793,1476,1333,1330,1456,1353,1070
GC2,320,542,557,522,480,261
CG14221,38,23,39,30,11,16
CG42597,593,747,703,751,693,646
hyd,4533,4419,4056,5702,4282,3944
Tsen54,197,194,200,187,201,197
CG34238,96,130,109,146,137,85
COX5B,22507,15410,18615,21755,19494,17859
PIG-N,369,472,457,465,366,320
atms,512,466,468,649,480,452
sqd,12966,12420,11800,13449,11055,9646
CG30389,3206,2421,2334,2770,2315,3097
CG43109,1,1,0,3,0,0
CG17999,164,119,147,222,167,183
CG11112,1158,1228,1268,1413,1384,1376
CG42245,708,554,48,815,879,572
Awh,108,145,112,70,57,59
CR40182,0,0,0,0,0,0
CG14024,223,203,182,104,73,74
CG44040,0,1,1,5,4,3
srw,1,0,2,0,1,0
lectin-30A,3344,4027,3804,3221,2558,2613
Neurl4,1920,2016,2113,2161,1772,1856
akirin,4033,4025,3984,4052,3712,3438
CG10920,1171,1424,1465,1481,1322,1120
Ugt37C2,53,44,32,114,84,56
Acsx3,1201,790,807,1212,1043,1021
Snmp2,495,401,411,543,427,294
FucTC,33,25,44,44,31,27
anne,3951,3799,3278,3638,2802,2484
CG13248,157,140,125,85,65,59
Paris,199,179,181,196,151,157
CG32679,0,1,2,2,1,2
CG14234,394,452,391,279,215,234
Chchd2,7733,7224,6810,8019,6320,5683
dUTPase,77,86,88,72,61,53
CG15529,52,94,69,63,53,35
mRpL40,337,325,362,421,351,277
Gmap,2272,2044,2105,2072,1654,1547
Pc,394,348,316,275,222,251
5PtaseI,404,409,344,374,249,249
shep,10137,10671,9515,9308,7284,6901
Pkcdelta,3637,2703,2792,3792,3084,3076
RpL22-like,852,1085,944,1022,840,682
CG17883,735,808,805,909,923,561
Muc18B,9,3,8,3,5,5
CG12204,47,38,52,111,72,97
CG3104,383,347,300,294,219,232
CG1662,1924,1786,1682,2123,1768,1765
CG33140,688,807,841,942,711,634
Ugt302C1,1371,982,958,1852,1428,993
spn-E,204,206,204,219,197,230
CG17650,143,207,208,251,186,133
grnd,427,359,349,458,394,332
CG7556,1179,1135,1164,1513,1102,877
Balat,9,5,9,17,4,5
inaF-B,5024,4691,4500,2547,1658,1573
wrapper,119,138,94,86,65,56
Gr68a,1,2,2,0,0,0
TwdlS,5,18,13,9,3,4
CG43184,0,1,1,0,1,0
P5cr,348,337,347,429,354,278
mex1,665,561,481,873,630,388
bero,5215,4503,4516,5454,4348,4188
NtR,242,247,254,514,413,254
chif,1384,1115,1054,1342,1015,1307
CG42747,46,32,38,39,21,20
CG32243,260,251,263,286,226,223
CG5435,748,1225,903,525,364,339
ohgt,1177,1111,1090,1214,985,862
faf,3886,3032,3115,4018,3013,2945
Mocs1,418,317,273,576,481,391
drongo,5602,4584,4366,5146,4092,4888
CG42557,250,673,805,0,597,0
CG7366,941,1114,1023,1387,1034,795
Rlip,790,578,602,535,400,427
MED27,426,522,474,692,543,601
Pstk,529,674,703,557,654,25
CG18754,18,28,32,28,8,11
CG3984,382,285,268,838,945,811
CG14455,3,3,3,1,5,2
FBtr0472811_df_nrg,0,0,0,0,0,0
Ets96B,349,343,337,411,416,384
Alp4,3352,3488,3166,2633,2231,1942
CG14770,14,12,10,4,12,24
CG30178,286,349,336,324,197,233
Nipsnap,3528,2439,2623,2928,2671,2592
CG46468,5,0,0,55,0,0
CG7166,220,228,194,189,151,116
CG30158,191,222,172,107,68,69
Acox3,2130,1598,1640,2403,2121,1564
lig,5824,4750,4792,5672,4831,5279
FBtr0304455_df_nrg,0,0,0,0,0,0
CG33128,0,1,0,1,0,3
CG15406,2471,2467,2588,3117,2372,2261
sktl,1889,1397,1484,2341,1948,1910
ND-B14.7,6453,5223,5983,6014,4605,3354
CG30120,0,66,63,0,0,0
ida,162,182,193,254,206,175
CG13460,8,8,9,13,9,9
CG5265,1656,2165,1919,2300,1902,1731
CG3517,5412,6097,6564,6887,5397,4925
Fic,567,506,487,705,539,499
mat,366,348,275,621,402,354
Gfrl,788,684,589,472,317,358
wap,1120,1104,999,1035,844,844
wcd,76,78,73,67,70,48
CG6178,2553,1868,2114,1984,1600,1601
CG8778,210,198,257,252,200,157
CG42752,441,543,554,638,563,498
Dph3,47,51,49,47,28,46
CG5062,1205,1166,1186,1425,1088,1513
CG32625,13,14,13,23,16,22
CG16986,701,538,549,1356,1032,520
bowl,810,715,723,840,741,751
CG15395,412,494,492,807,651,739
CG33137,12,16,4,22,21,17
Rab32,2335,1832,1712,1824,1314,1255
SmydA-6,63,30,33,45,48,50
Saf-B,1928,1828,1652,1780,1292,1660
FBtr0472732_df_nrg,0,0,0,0,0,0
CG31542,1656,2178,2098,1313,1292,1103
gry,991,846,878,1175,945,780
Ubc2,3243,3144,3175,3630,3121,2914
CG4230,2260,2135,2002,2331,1806,1630
kra,11128,11121,10667,11889,10144,9745
meigo,826,938,918,1008,777,650
CR46273,0,5,0,0,15,0
bgm,1720,1460,1447,1935,1516,1175
CG10694,393,426,422,635,481,433
Kmn1,45,64,64,48,42,41
CG42565,254,155,131,266,75,47
CG6324,207,220,207,230,178,234
Kaz1-ORFB,1168,809,1063,1092,948,1241
CG31869,690,466,467,591,460,508
Qsox2,1733,2191,1952,2240,1773,1538
Stip1,2452,2289,2200,2164,1852,1902
dre4,1185,1059,1082,1316,1002,1117
kek3,283,279,224,148,100,137
ord,487,633,555,540,537,499
CG15533,312,207,310,895,708,675
U3-55K,83,92,79,102,75,71
ThrRS,1235,1247,1125,1546,1214,979
Kaz1-ORFA,0,1,0,1,1,0
msl-1,662,482,532,644,529,504
hiw,2624,2326,2265,2836,2090,2174
CG14427,0,0,0,0,0,1
CR45777,0,0,0,0,0,0
Lkr,71,49,82,72,75,44
CCDC53,235,278,257,301,276,319
CG45207,0,1,0,1,0,1
CG11927,1287,1165,1237,1467,1275,1505
EcR,1014,827,787,727,573,548
sqa,3010,2375,2135,2833,2278,2415
CG14220,227,231,223,258,226,168
Irbp,148,151,139,177,172,114
Klp67A,738,893,856,1152,856,959
CG30114,15,9,9,13,18,20
NTPase,3252,2326,2411,3056,2695,2728
Prosbeta5R2,164,233,188,294,215,154
CG33098,335,323,324,316,205,208
sinah,6366,7344,6212,6002,4579,4916
dati,562,504,456,463,368,483
Jra,1681,1355,1339,1700,1515,1550
CtsL1,12796,10448,10831,13132,10876,9349
ND-MNLL,3345,2877,3414,3785,3333,2446
CG12491,0,0,0,0,0,0
Grasp65,1606,1454,1496,1788,1537,1491
Arpc5,1006,908,952,1112,988,922
CG34286,240,296,321,393,346,328
Lcp65APsi,0,0,0,0,0,0
Trl,3429,2866,3105,3334,2922,2904
Spn28Dc,690,495,500,812,524,471
CG3308,4902,4367,3842,5129,4174,4823
OtopLc,734,596,560,388,277,304
Cdk5alpha,776,611,549,380,292,393
LManIV,9,13,12,26,24,12
PPO2,709,725,698,2414,1627,1549
Ahcy,1715,1623,1714,2315,2013,1881
CG8051,950,754,715,1082,823,831
Hexim,659,680,671,640,557,619
mol,269,230,218,258,194,136
Cyp28a5,1666,1139,1048,1223,1052,835
nub,572,254,314,620,539,450
CG13631,2818,2461,2483,2828,2541,2485
CG12963,1671,1543,1496,1981,1638,1608
rhea,7884,5439,5859,8473,6926,6877
p23,5940,5518,5729,6765,5780,6848
serp,1870,1270,1425,1070,874,863
FBtr0304310_df_nrg,0,0,0,0,0,0
CG3420,532,426,485,495,510,543
CG9485,9628,6532,7331,10611,7700,6024
BthD,28,32,39,45,40,41
FBtr0309607_df_nrg,0,0,0,0,0,0
Cpr67Fb,356,375,488,225,338,531
CG31915,194,153,154,205,142,140
HisCl1,87,125,98,88,80,48
nemy,2674,2889,2847,3120,2506,1925
CG3301,4478,3575,4264,4051,4617,4505
Nmdar1,320,311,290,204,150,151
PK1-R,175,162,145,174,171,111
TTLL3A,29,36,45,29,37,22
Spn77Bb,4312,5754,4512,6267,4698,4092
CR40100,2,1,1,1,3,4
CG12926,338,336,310,402,320,232
ase,2,0,1,2,0,1
Drat,7945,8072,7707,7953,6105,5255
CG32276,3368,3150,3397,4095,4042,2969
Coq2,347,428,334,367,344,270
Qtzl,103,102,96,97,140,85
Dhc1,288,302,270,309,252,342
snRNP-U1-C,519,545,550,619,546,459
FBtr0309585_df_nrg,0,0,0,0,0,0
Bx42,822,681,691,800,639,651
Tengl1,1174,1355,1355,1528,1315,1141
CG3942,1152,1185,1403,1632,1453,1223
Mcm10,144,168,141,132,121,154
Pgant3,513,505,489,509,420,423
CG3253,100,91,94,71,62,52
GstT4,4413,3194,3340,6119,5338,3020
twr,1859,1980,1914,1991,1648,1444
NP15.6,9091,6432,7170,7122,5431,5557
spirit,246,190,170,301,230,199
CG43405,101,149,136,165,123,104
CG9393,1683,1938,1929,1937,1798,1556
SNCF,4,1,2,0,0,1
CG4210,115,99,129,131,92,132
Cpr62Bb,639,465,523,421,358,222
mil,5521,6217,5844,8031,6824,6498
CG14374,1,1,3,1,5,3
RpL36,10284,10909,11470,14100,11060,13641
CG15638,555,725,603,572,366,582
CG42391,96,97,98,141,104,98
CG7091,118,141,122,173,155,148
vis,580,764,657,694,523,673
SkpD,173,185,217,267,254,213
CG32486,3447,3268,2925,3416,2875,2779
Nipped-A,964,970,932,1202,930,707
Rab19,779,725,808,851,691,730
Polr1D,63,62,75,74,62,58
RpL24-like,1915,1904,2011,1881,1804,1309
PH4alphaMP,27,23,23,43,51,36
Traf6,365,344,299,354,278,286
CG15468,625,646,617,862,724,770
Pfk,14250,10795,11224,13996,10828,8932
Ama,7,10,6,3,9,9
CG43195,20,132,20,31,205,36
CG43244,0,1,2,2,0,0
CG43796,240,330,328,287,260,155
Myo28B1,842,416,423,1145,887,709
CG14929,494,609,506,586,487,589
CG3021,602,561,586,680,544,614
KrT95D,4368,4519,4014,4916,3867,3387
Kap3,960,707,743,909,654,737
CG13870,957,1044,1014,1489,1477,1442
Andorra,237,246,270,365,328,337
CG11843,22,15,28,24,13,10
Apoltp,3634,2626,2619,5949,4332,3842
gish,12696,13173,12920,13753,12613,12408
Osi21,2,1,0,1,0,1
CG4658,1882,1365,1507,2265,1769,1638
CG7271,0,1,1,3,1,0
CG10674,247,249,251,315,242,208
Syx16,304,359,363,325,297,232
DppIII,8517,8020,8473,9730,8271,9016
Crk,909,958,915,1153,908,715
Srp14,539,603,634,470,430,417
Elp3,205,155,187,198,180,123
Adck1,998,988,1050,989,728,703
asrij,496,615,617,561,507,399
CG43051,338,268,312,404,336,326
CG30338,88,79,113,88,116,92
Cpr73D,213,200,178,245,203,188
CG12692,870,1041,991,1255,1096,947
mRpS14,439,447,487,355,302,288
bab2,1372,1266,1149,1508,1220,1230
Myt1,191,171,203,164,175,149
CR34311,0,1,0,0,3,2
CG13692,13,16,8,9,12,6
CG10651,267,283,338,261,256,237
CG8607,32,33,28,35,28,14
Spase22-23,2558,3031,2897,3202,3130,2357
FBtr0309646_df_nrg,0,0,0,0,0,0
CG13744,2,3,12,7,12,14
Dolk,540,475,544,698,526,345
pHCl-1,2018,1726,1540,1902,1382,1615
FBtr0472815_df_nrg,0,0,0,0,0,0
DIP-iota,4,5,4,3,5,3
IFT43,34,61,63,74,43,47
CrebB,1988,1580,1613,2110,1771,1557
CG9799,347,327,354,406,326,270
Idgf1,1192,993,1048,1760,1343,888
FBtr0304423_df_nrg,0,0,0,0,0,0
Dlip3,121,109,96,93,65,77
CG17378,1706,1862,1862,2346,1873,1623
CG46339,2692,1932,1865,2641,2041,1947
C901,7,2,3,8,3,1
FBtr0304428_df_nrg,0,0,0,0,0,0
CG15414,57,38,40,29,20,24
lolal,2497,2115,1910,1795,1708,1892
beg,224,247,216,235,190,218
Vajk2,857,612,641,255,210,178
FBtr0472785_df_nrg,0,0,0,0,0,0
Hsc70-1,8070,6863,7113,7386,6437,6827
CR43384,0,0,0,0,0,0
CG13445,2,1,0,3,4,3
TfIIFalpha,1149,970,1063,1503,1201,1655
Tep4,3588,2470,2856,5270,3854,2653
CG5727,439,482,406,483,468,322
CG9497,969,594,555,480,351,438
Obp56e,607,703,638,571,546,489
CG10669,227,211,207,199,152,168
Tsp39D,158,152,175,186,120,84
CG7694,863,871,915,1054,750,686
ppk12,5,6,3,3,7,4
CG5084,25,10,6,20,10,19
CG12672,54,68,41,33,26,35
ND-42,9214,6455,7838,10314,8473,7174
Spps,562,416,484,509,411,547
TP53INP,25567,17754,19097,23706,20295,22291
Mer,923,647,722,1024,814,897
CG6937,116,157,149,152,142,139
CG9664,405,369,392,430,334,272
CG43851,115,153,171,174,132,161
CG7991,94,77,69,56,52,52
Maf1,763,860,819,1032,851,688
CR41243,20,30,28,31,23,17
SMC1,850,625,689,750,644,588
CG11436,60,42,54,46,35,29
CG31125,213,180,181,118,127,166
CG6833,423,369,397,456,408,424
CG14883,215,226,213,234,180,176
p38b,753,569,642,775,651,516
PAN2,1410,1237,1246,1416,1136,976
Pfas,1428,1080,1064,1527,1468,1236
FBtr0309647_df_nrg,0,0,0,0,0,0
FBtr0309710_df_nrg,0,0,0,0,0,0
Ir94e,7,6,1,1,3,5
side-VIII,456,365,397,344,235,240
CG14757,3355,3140,3492,3810,2980,2536
CG17803,57,73,61,32,22,40
CG32054,292,204,162,460,442,331
pippin,510,461,454,571,392,308
Pus10,124,145,135,169,121,110
CG43630,81,136,90,85,56,21
EMC10,513,692,559,647,514,427
CG32022,526,661,657,628,556,509
CG5346,1478,976,1031,1551,1307,1075
CG11811,569,564,541,606,562,545
CG31128,812,975,952,1376,1155,838
pch2,131,193,148,154,100,77
CG42327,1603,1088,1139,1865,1388,1484
Glut1,2182,1973,1734,1388,1024,1116
Or33c,0,0,2,1,0,1
CG42658,111,134,134,198,129,111
CG17075,375,338,300,274,231,193
cyr,22,18,21,29,16,13
CG3491,550,630,587,703,593,532
Cox11,262,250,216,218,203,191
ND-B14.5A,6209,4745,5803,4855,5630,5109
Upf2,802,718,742,946,811,861
CG11403,39,51,32,56,29,28
CG34173,50,138,95,102,91,41
Coq6,1615,1291,1363,1510,1166,1233
CG8478,1567,1774,1690,1589,1208,1192
CG34330,931,904,909,1081,849,543
tsr,3100,2864,2731,3279,2806,2820
CG3036,2127,1729,1488,2567,2489,1568
Nep7,172,136,154,249,159,133
CG3097,921,904,825,1055,888,791
I-2,2134,2025,2146,2758,2266,2476
Ir76b,27,39,20,16,7,14
CG13390,151,122,117,140,108,122
CG32727,201,317,280,331,246,212
atlas,962,1163,1097,1171,1124,1114
px,2085,1772,1720,2085,1783,1843
Ubr3,3336,3069,2974,3919,3121,3157
pad,243,213,213,256,195,243
GCC88,602,517,514,534,411,393
ChLD3,45,69,49,71,68,48
CG43779,0,0,0,0,0,0
Prp5,244,212,213,273,202,177
Magi,479,390,409,412,347,333
geminin,604,586,561,596,595,749
CG18538,10,15,4,20,15,13
Ctl2,2095,1857,1873,2687,2149,1906
CG10177,1575,1787,1758,2498,2015,2005
CG9377,152,75,105,128,139,101
CG14434,38,41,47,25,26,20
CG14974,605,705,757,917,730,396
CG33093,4,1,9,1,1,1
ND-B12,9955,6769,8674,10393,6055,5404
Polr2J,213,238,255,212,196,154
Ubc84D,1613,1643,1582,2140,1906,1895
lectin-37Da,262,236,288,140,169,111
FBtr0445485_df_nrg,0,0,0,0,0,0
nord,133,144,111,106,100,114
CG43248,1,4,1,2,2,3
CG12111,1052,1219,1219,1159,984,811
CG15390,64,51,66,60,46,49
Cerk,1448,1380,1386,1627,1396,1252
ARY,173,311,231,378,281,191
san,1248,1096,1148,1189,1160,1255
CG17121,875,726,749,896,704,803
CG43922,550,497,636,854,771,599
CR42838,0,0,0,0,0,0
CG32811,49,87,82,102,77,66
fs(1)Yb,53,71,57,82,45,56
barc,665,631,603,704,539,519
wal,5890,4755,5081,5293,4952,4414
IntS1,1464,1339,1312,1883,1449,1383
CG31301,548,573,522,512,415,400
Polr3A,290,237,272,274,209,187
Cpr76Ba,3,3,2,2,2,1
CG10332,277,0,257,278,785,859
deltaTry,2260,1933,1225,3096,3161,2500
Arpc1,2567,2189,2253,2843,2494,2753
DIP-lambda,54,51,35,29,28,34
nvd,10,17,10,11,3,6
pns,2585,2484,2326,2831,2187,2322
Argk2,1343,1603,1548,1847,1344,1226
SmE,305,332,307,298,207,189
ocn,6686,8428,7900,9589,7520,6190
mus81,53,40,57,46,44,36
Cln3,220,241,255,411,255,169
CG15548,613,805,800,940,711,767
CG9213,130,115,113,125,98,86
CG7695,1462,1168,1256,1165,1019,658
CG43677,2,3,1,4,4,4
CG14624,1,0,0,0,0,0
CG31793,680,532,631,947,771,600
Atxn7,1178,1061,1035,996,800,881
chb,10080,9722,9806,14491,12043,12824
CG18259,896,841,916,958,800,806
por,78,95,87,100,55,47
Su(fu),266,292,270,251,250,191
Droj2,16083,13241,13904,16531,13698,17119
CG5386,4,1,2,1,3,3
CG43255,1,1,0,0,0,0
PLCXD,609,420,490,429,300,266
Polr2A,1810,1361,1352,1672,1322,1559
CG14990,230,270,237,309,234,191
Bka,167,143,179,195,178,143
mRpL27,473,400,484,467,373,295
Trim9,277,182,219,221,175,151
sud1,242,234,237,198,200,154
E(spl)m8-HLH,0,0,0,0,0,0
sordd1,3650,3572,3321,4077,3276,3393
ALiX,3040,2784,2863,3256,2491,2141
CG34132,306,304,305,362,317,168
Rheb,2859,2275,2329,2426,1921,2089
lambdaTry,1027,968,907,1305,1129,894
scb,1652,1115,1180,2267,1598,1429
CG14160,138,67,74,130,107,44
CG13326,1021,1337,1219,1470,1110,947
Gr39b,3,2,2,2,0,0
Aasdh,143,149,130,143,113,95
CG3740,522,539,543,563,436,413
CG5162,9405,9624,8451,11024,9203,6881
l(1)sc,0,0,0,1,0,0
CG12617,1270,1504,1629,1864,1788,1270
spoon,4256,3624,3814,3801,2985,3512
CG1647,331,298,274,333,308,366
CG15450,315,343,361,428,373,301
phtm,58,19,25,59,33,25
Drice,477,438,477,539,410,320
alpha-Est6,777,830,828,799,640,507
CG15563,24,35,27,58,34,25
Taf12L,549,604,682,566,521,861
Zip88E,199,133,150,133,108,111
Alg10,235,321,302,390,304,241
Sox21b,188,149,166,115,154,121
COX6CL,1336,1565,1358,1781,1490,1520
CG42542,1156,1094,991,1038,868,834
CG13108,52,58,56,32,46,27
Grip75,290,314,273,288,231,182
aus,2553,2335,2112,1946,1525,1663
Madm,1142,959,964,1124,938,996
ind,1,2,2,1,2,1
CG17019,716,611,593,708,621,579
CG4744,2265,2358,2322,3096,2554,2757
CG5968,1637,1990,1869,2423,1977,2007
Rift,764,757,782,822,703,461
IBIN,20,39,36,130,21,29
Spt,18,29,40,20,20,15
CG17560,3834,3067,3989,4034,2960,3069
FBtr0472822_df_nrg,0,0,0,0,0,0
FBtr0472739_df_nrg,0,0,0,0,0,0
sau,4138,3407,3498,4626,3833,4374
CG30096,32,30,29,20,10,8
CheA87a,114,111,107,72,44,27
CG9130,9592,9517,9738,11775,10083,10855
m,16,19,18,22,25,26
CG18469,50,72,65,100,73,69
Eglp1,773,1021,987,1168,972,789
Cds,4492,4333,3895,3599,2959,2537
klar,3729,2797,2807,3777,2949,2921
Cib2,6,12,2,11,7,3
Ugalt,404,374,335,405,335,248
CG9961,908,1215,1045,1291,913,920
Or24a,0,1,0,1,0,0
CG12991,1498,1095,1046,1445,1237,1325
Ir94b,5,4,5,4,5,6
FBtr0445473_df_nrg,0,0,0,0,0,0
CG34219,61,46,64,16,17,17
Syx4,374,353,389,424,410,332
CG34117,815,797,842,855,729,595
Osi2,44,34,44,46,54,49
CG13369,713,706,655,887,626,627
Arl8,1534,1003,1174,1472,1236,1293
Myo95E,595,617,545,566,449,429
kek1,1246,1215,1105,966,716,711
CG32450,1728,2264,2085,2672,2281,1619
CG17746,1490,1310,1406,1709,1479,1516
DnaJ-H,3565,3731,3904,4652,3478,3556
Cyp4d14,317,292,269,614,477,318
Fit2,259,235,219,251,160,139
Pex10,426,430,419,509,437,382
CycD,176,161,162,237,159,127
Sec3,330,312,327,355,263,213
Prosbeta6,2315,2728,2489,2803,2335,1911
Cyp4ac3,276,253,280,255,228,211
CG46398,4,8,5,6,6,4
Gcna,427,421,439,428,396,430
CG32119,4286,4508,4767,5682,4553,5459
CG6621,347,345,299,286,246,200
Atf-2,811,775,757,929,789,884
CG11858,415,328,380,502,366,392
Sgf29,157,157,148,167,101,128
Nep1,616,560,499,560,501,439
Act42A,5545,5819,6025,6555,5447,4997
CR41454,58,132,100,64,63,51
MAGE,264,231,276,290,265,311
rk,66,61,51,61,33,36
SmD1,394,389,430,488,467,420
Rtnl1,13303,11146,11176,12580,9747,9359
Nxf3,93,84,98,115,90,89
dnd,95,93,86,127,98,83
CG46244,418,599,585,432,0,379
CG13323,4309,2619,2865,4551,3992,3396
FBtr0445458_df_nrg,0,0,0,0,0,0
Frq2,2387,1899,1713,1975,1524,1594
CG15036,8,7,5,6,1,4
sesB,216783,132986,153437,174400,155549,176684
CG14011,1580,1501,1775,2234,1966,1914
LeuRS-m,351,296,289,394,336,288
Tengl4,834,1049,1009,1287,1097,881
CG13073,21,8,18,18,9,15
CG31717,281,291,329,385,334,215
CG9458,2447,2461,2690,2736,2570,1993
Skp2,217,217,220,226,165,140
FBtr0472820_df_nrg,0,0,0,0,0,0
Tie,1001,747,765,982,877,905
pan,3073,2290,2195,2249,1713,1908
Ehbp1,4533,3432,3322,4402,3587,3820
DMAP1,553,413,429,444,390,426
sti,313,338,346,306,258,270
CG15553,364,316,338,294,306,239
CG14325,2,2,2,1,1,1
cad,2051,1871,1883,1979,1726,2026
CG42581,1,1,0,4,1,3
Cyt-c-p,50589,23513,31595,44381,42326,47858
E(spl)mbeta-HLH,55,44,54,46,28,39
eIF2Bbeta,546,452,499,495,416,341
Acat2,267,257,284,317,230,161
CG34196,5,3,1,2,3,4
Ids,46,37,35,51,23,26
CG31601,1612,1852,1717,2035,1879,1863
CG14609,2085,2532,2461,3214,2566,2367
FBtr0304320_df_nrg,0,0,0,0,0,0
CG5665,2,1,0,0,1,2
FBtr0472720_df_nrg,0,0,0,0,0,0
Roc1a,1781,1647,1633,1589,1392,1388
CG14456,438,472,466,597,536,525
FBtr0472740_df_nrg,0,0,0,0,0,0
Rap2l,1420,1439,1475,1542,1343,1340
cin,305,322,309,390,267,198
CG7099,355,358,335,428,347,314
CG15651,160,109,133,75,52,48
GstE1,1873,1624,1492,1337,1082,1076
Zwilch,103,149,139,170,145,99
FRG1,206,189,212,220,132,155
CG14971,542,540,457,587,451,365
Fad2,1,1,4,12,0,13
Hsp26,2434,2554,2624,2203,1754,2128
CG16888,237,300,239,271,212,177
Invadolysin,1854,1462,1600,3103,2185,2117
CG3437,98,93,112,91,69,51
Sptz,895,800,841,981,751,746
CG11362,253,428,334,556,406,350
sif,8679,8584,7494,5468,4104,4559
Tyler,1017,436,1506,1584,511,1110
NdufA3,3754,3386,4674,4323,4045,2884
lbm,207,230,173,267,162,126
CG31677,329,361,332,423,464,388
ND-75,16407,11296,11891,14720,10561,9949
pyr,882,682,659,810,637,796
CG31007,1667,1874,2057,2622,1706,1255
FBtr0472758_df_nrg,0,0,0,0,0,0
gammaSnap1,390,396,400,349,265,210
TwdlU,5,7,4,3,9,3
CG44000,684,1077,804,2512,1061,1016
CG8939,413,355,371,425,341,473
Jheh1,2266,1813,1805,3517,2827,2295
Dop2R,230,243,218,167,119,207
Yeti,1285,1204,1181,1475,1078,1062
ninaB,283,185,179,163,87,56
CG31086,382,360,384,480,274,259
FBtr0472727_df_nrg,0,0,0,0,0,0
SoYb,95,85,97,105,83,83
bma,340,383,352,211,194,179
Lcp65Ag1,0,0,0,2,1,5
Rnp4F,588,454,447,611,386,481
HGTX,98,82,95,138,155,169
Prp40,416,327,368,346,299,307
RNASEK,2247,2510,2424,2480,1973,1342
CG33981,3560,3133,3272,3821,3214,3603
CG32650,572,560,607,690,618,518
ogre,2055,1614,1489,2007,1796,1565
CG3356,1955,2021,2031,2319,1909,1753
CG5446,886,806,885,989,726,879
CG14075,248,171,205,242,191,167
FBtr0445449_df_nrg,0,0,0,0,0,0
CG32214,0,0,0,1,0,0
Phf5a,128,140,136,151,127,101
Acer,4417,3966,4130,5173,4236,3844
FBtr0472793_df_nrg,0,0,0,0,0,0
eEF2,77838,62311,67026,87302,74453,66075
Or23a,14,26,13,15,13,19
CG10132,514,527,461,483,331,314
CG1239,67,84,78,73,65,70
CG42577,8,6,6,10,7,6
Amy-p,35369,17463,15912,54477,47940,37306
CG4866,112,132,104,109,76,83
Uros2,723,964,965,1191,933,677
Cyp6a22,434,291,392,429,339,298
mal,353,259,247,383,279,229
CG14218,15,11,13,24,14,21
snu,3115,2637,2526,3261,2477,2259
2mit,920,753,727,391,247,275
insb,3,1,0,1,1,0
CG9135,280,295,246,239,205,171
PIG-M,706,1099,1015,770,515,970
Ttd14,7128,5832,5188,7632,5810,5837
narya,6,10,11,7,11,7
CG43894,1,2,0,1,4,0
FBtr0445472_df_nrg,0,0,0,0,0,0
gcm,47,41,44,39,31,32
CG11170,57,63,63,58,47,34
kat80,410,299,294,369,274,249
Bap111,1741,1635,1587,1945,1587,1565
RpL10Aa,452,717,712,864,606,523
CG31997,1055,869,808,1060,931,878
robls54B,9,13,8,7,8,3
CG43450,384,437,532,514,549,322
CG34184,0,1,0,0,1,0
CG31207,306,323,318,421,328,244
ppk26,35,41,26,22,15,16
Or49a,0,0,1,0,0,0
RhoGEF64C,557,469,503,563,443,532
Hml,1340,1021,1140,2864,2006,1486
Obsc,13377,8815,8631,14643,10999,10794
CG34312,61,248,588,814,757,35
CG17187,118,91,95,100,67,93
Mfe2,4490,3744,3690,4763,4102,3164
Gen,50,49,63,58,38,50
RacGAP84C,163,209,197,187,135,106
CG5157,20,15,21,26,10,3
CG33775,1,14,3,3,14,16
CG15695,715,672,661,752,554,557
Nasp,962,761,714,806,666,773
Syt1,7097,6203,5381,3847,3144,3534
CG17919,1351,1340,1137,1279,844,814
MSBP,8324,6907,7304,8923,7834,7620
azot,840,891,838,884,633,720
CG12081,410,369,417,389,336,303
CG3918,472,413,365,484,379,501
sicily,371,323,329,302,254,217
Gga,1053,751,807,846,781,822
mRpL24,712,668,685,754,638,454
Oatp26F,3,5,4,4,5,7
CR43360,0,1,0,0,0,1
CG5877,812,950,1022,1394,1080,848
Mfap1,451,403,421,370,291,398
CG8785,397,371,329,351,275,244
CG42784,1535,1570,1282,991,738,847
CG44836,35,37,26,163,97,89
FBtr0309694_df_nrg,0,0,0,0,0,0
mRpL55,360,343,386,358,317,258
CG15528,336,313,294,365,307,196
CG5122,4122,4728,4395,6060,4850,4876
ScsbetaG,490,599,521,597,473,385
CR30374,4,1,6,0,13,3
CG14395,91,84,87,123,100,94
Rab27,48,59,54,47,42,29
CG18814,30,33,40,46,35,39
Polr1A,302,266,274,365,287,208
CG15617,767,218,387,721,486,514
CG14043,1114,1210,1251,1618,1120,1020
CG7564,1246,1292,1066,1240,974,1019
Tsp3A,151,114,121,129,112,111
kcc,4349,3310,3285,2854,2119,2031
CG31088,0,0,0,214,194,134
EbpII,30735,54726,39449,21059,12480,11780
CG17776,347,334,369,424,326,265
ssh,6239,5661,5632,6973,6101,6991
CG34125,449,368,486,468,412,392
Sec20,384,403,408,405,310,360
Cyp303a1,86,74,67,65,69,46
RnpS1,685,749,791,696,618,606
Nemp,512,584,608,671,506,490
CG7484,430,441,500,503,426,391
CG6836,289,281,259,326,254,214
twin,11995,12857,12044,15222,13482,14477
CG31323,387,375,328,351,236,236
CG6094,465,500,479,578,507,433
FBtr0309584_df_nrg,0,0,0,0,0,0
CG33467,0,0,1,0,0,1
CG14983,94,106,114,120,83,61
fs(1)h,5121,4674,4101,4834,3448,3064
Syx8,353,269,294,386,256,248
SdicC,1328,1697,1503,2102,1898,1834
CG13931,6,8,7,9,5,12
Slbp,472,533,547,598,618,623
BaraA2,0,0,0,0,0,0
ck,866,696,678,927,718,618
Scamp,2055,1812,1757,1779,1625,1573
SA1,633,587,621,633,486,476
CG4318,223,204,205,264,250,282
btsz,3733,2624,2717,3811,2868,3089
CG9297,76010,63472,59732,72506,57002,61347
CG9270,315,312,302,406,310,273
Saysd1,160,170,158,191,127,132
Tdc2,62,56,46,29,25,37
l(2)k05819,1330,1210,1200,1505,1246,1202
Neu2,18,16,11,14,6,13
sub,519,633,629,665,591,539
CG8578,571,493,457,529,432,458
CG32228,360,413,437,472,409,378
CG14107,24,17,27,19,24,17
yellow-c,988,632,718,1008,738,467
Zip42C.1,26,19,31,26,24,26
CG30060,328,405,425,479,348,348
CG10413,1620,1512,1515,1931,1563,1226
CG4884,273,70,97,93,48,225
CG34220,178327,78865,76321,117247,111321,134228
Ulp1,1774,1695,1581,1818,1460,1503
Ugt35D1,1,3,1,2,0,2
AsnS,730,524,505,707,471,381
CG33259,110,130,134,110,87,103
Jon25Bii,2270,753,692,1853,1324,1622
Tsp42En,54,49,53,45,31,22
CG4020,525,524,446,520,424,307
Surf4,3325,2813,2753,3558,2993,2980
CG13220,2050,1875,1971,1674,1890,1260
Acph-1,514,561,573,584,533,418
CG14731,248,300,242,232,262,210
Unc-115b,547,724,921,1253,777,911
CG3987,1282,696,743,1390,1220,1151
CG34195,107,86,99,100,90,80
Hsp60B,7421,8076,8144,8984,7363,6336
CG43403,14,19,28,12,13,4
prel,1629,1634,1625,1835,1485,1182
Twdlalpha,585,740,695,816,725,633
Spc25,29,31,42,30,37,44
CG14052,27,19,7,24,6,7
CG46506,29,34,62,59,20,34
primo-1,972,1477,752,1110,1026,839
Hasp,3972,3606,3290,2041,1629,1754
CG7857,551,613,569,811,605,736
Dlg5,1523,1205,1115,1520,1227,1127
CG13634,0,0,1,1,1,0
CG34436,64,59,68,110,93,97
CG4151,25,15,42,11,27,17
CG15861,18,25,16,19,15,10
Gr22e,3,0,0,0,0,0
emc,3272,2474,2442,3119,2583,2611
CG13679,227,195,195,143,176,196
CG34178,1039,1074,1300,1449,1185,597
CG2663,1754,2086,1606,1431,1124,1344
ens,5937,4367,4280,5971,4827,4663
CG11722,824,943,952,1149,1030,828
zormin,12608,10122,9359,13805,10592,9979
Obp47b,0,0,0,1,0,0
CG13048,2,4,3,1,5,2
CG30427,3135,3308,3119,2298,1936,1653
CG14659,66,51,83,94,82,74
CG11474,1383,1416,1385,1352,1077,892
Hr78,768,777,702,760,579,583
CR45498,94,133,88,38,0,72
E(var)3-9,305,265,260,269,233,283
CG33332,111,101,106,95,91,72
CG42717,5,5,2,12,22,14
CG18266,3307,3778,3484,5487,4327,4806
thoc6,132,131,113,120,98,94
CG13171,45,53,45,37,35,36
CG13033,2,11,13,4,2,3
Gat,1165,634,673,765,547,306
Rpn7,2546,2393,2456,2737,2218,2507
FBtr0304415_df_nrg,0,0,0,0,0,0
CR46171,0,1,0,0,0,1
CG44435,8317,8301,8204,9663,8483,10471
SsRbeta,2003,2097,1953,2147,1775,1625
CG30484,137,176,189,135,132,140
RnrS,211,177,209,280,170,123
CG16713,649,597,615,716,422,219
CG4467,1243,1125,1111,764,607,601
AANATL6,0,0,0,1,5,4
CG13068,7,2,3,2,10,3
CG17562,1621,1451,1432,2318,1970,1899
CG7299,80,93,62,84,91,71
Polr2C,236,186,226,228,191,208
Rab23,86,96,61,74,73,50
Socs44A,414,420,419,458,336,305
trv,2527,2592,2203,1728,1335,1349
Rpi,1636,1573,1555,1698,1407,1021
Cdk1,125,187,152,134,139,109
Prosbeta5R1,914,1221,1101,1261,1092,1056
LysP,5152,3595,4025,3645,2800,3302
Obp56c,2,2,0,4,0,3
CG14275,272,261,275,405,254,212
Hsp67Bc,82,58,75,48,44,32
Dhc98D,1999,2050,2017,2651,2093,2219
TBPH,992,980,979,759,683,615
CLIP-190,11603,10186,10091,13657,10690,10785
CG17928,1129,814,909,1154,940,750
CG5790,5766,6563,6287,8165,6891,6272
Drsl2,4,4,4,5,2,5
CR46150,5,3,11,5,1,2
Pbp49,731,610,735,558,481,700
CG6236,297,256,287,257,240,156
GatB,251,241,199,288,232,194
CG17162,1327,1620,1566,695,1042,487
Prim2,41,28,30,55,47,39
Syx7,2203,1817,1928,2361,2051,1914
CG10912,3558,1994,2028,2921,2646,2907
CYLD,2544,2759,2662,3550,2961,2961
blo,5192,3374,3705,4927,3886,4477
NfI,2673,1768,1651,2644,2172,2300
GstE4,140,150,76,27,29,30
alpha-Est10,1102,1000,1005,1273,1032,780
Ir7g,5,1,3,5,6,3
unc79,1934,1820,1586,996,804,728
CG46448,64,67,64,32,37,16
CG7202,2003,2531,2521,3038,2491,2392
CG14689,1395,1602,1603,1711,1312,1385
Hacd2,320,348,300,359,278,275
dpr5,80,68,70,61,28,48
UQCR-C1,48895,33052,38089,41930,35232,32416
CG13392,203,221,187,158,176,159
Exn,2083,1654,1690,2402,1962,1850
CG43107,90,107,138,120,118,85
CG5758,3354,2429,2275,2257,1712,1496
AANATL5,3,1,0,1,3,0
Cyp4c3,27,41,37,27,29,27
Ugt36E1,567,503,521,738,612,437
CG1394,9153,10284,10600,10137,8712,8859
CaBP1,1403,1510,1502,2326,1851,1452
UBL3,2566,1977,1862,2047,1754,2114
CG9150,58,35,46,55,17,27
Pcf11,2887,2568,2662,2818,2245,2381
CG42815,0,0,0,0,0,0
CG42740,492,181,599,0,275,256
CG7840,199,245,274,149,131,75
Cpr23B,0,4,1,1,1,2
stmA,3365,2916,2700,2938,2270,2214
CG6340,2124,1697,1690,1602,1306,1547
RpL5,19950,20294,20328,23562,17735,16357
CG9396,801,738,760,1329,1116,772
Sox100B,96,43,54,78,69,76
Ns2,853,841,840,959,715,614
msn,3444,2797,2715,3478,2814,2593
CG6083,731,769,787,954,737,700
CG18661,150,143,130,145,130,103
Pka-R1,4378,3916,3644,4212,3432,3650
trus,341,270,337,277,233,212
CG18540,116,77,74,77,81,53
FBtr0304393_df_nrg,0,0,0,0,0,0
CG42489,124,108,145,115,119,58
CG6041,233,184,209,289,236,161
PGRP-LB,895,697,713,1315,1017,1142
Naus,1293,982,977,995,854,975
CG31221,3791,4212,3816,2259,1623,1317
obst-G,0,0,0,0,0,0
Or94a,2,5,5,3,2,3
CG43218,80,100,102,69,61,64
CG8172,11,14,8,17,24,19
U2af38,1071,1007,1048,965,992,1020
GlcAT-P,1149,921,862,903,755,724
CG9254,7287,9121,8969,10123,8412,6660
CG43074,3,5,1,1,2,1
CG2201,2240,2063,2022,2403,1911,1717
CG5644,179,162,156,141,122,95
Ste12DOR,0,0,0,0,1,0
mRpS18C,369,361,350,428,274,288
Ctr9,1440,1357,1338,1572,1176,1143
FBtr0309664_df_nrg,0,0,0,0,0,0
Isha,1254,1171,1049,1123,928,935
Lst8,255,234,260,279,204,205
stg1,60,78,49,41,24,42
CG3634,386,317,364,410,344,376
aos,418,328,334,402,336,275
Obp56i,342,397,372,406,323,300
Pur-alpha,1380,1307,1183,1016,860,701
CG13806,45,30,36,111,56,31
CG32271,37,51,29,43,20,18
Paip2,5293,5292,5072,6205,5349,5828
CG15368,394,429,463,441,369,416
CCHa1-R,82,85,80,71,43,55
PIG-P,217,0,236,0,214,0
Mgstl,5126,4099,4841,6362,6369,4194
CG18766,712,560,515,504,476,558
FBtr0472786_df_nrg,0,0,0,0,0,0
Rad51D,15,23,24,10,13,10
CG32719,885,1155,1047,1426,1242,1113
ZIPIC,265,239,203,336,291,278
RR50423,0,0,0,0,0,0
CG1441,507,357,319,504,425,323
CG11929,2177,2398,2462,3117,2673,2438
gw,6625,6246,5719,6712,5306,5455
Pcif1,774,588,579,681,563,610
CR33701,0,0,0,0,0,0
Mpi,2059,1850,2151,2375,1975,1623
hec,34,26,22,33,7,21
CG8032,450,415,417,430,342,303
CG4390,2890,2883,2840,3664,3219,3031
CG8160,28,33,39,26,33,49
CG31760,526,450,427,341,267,315
CG14182,81,61,86,59,57,37
CG12716,16,16,11,3,2,8
RpS19a,19486,16257,19328,24239,22418,22607
squ,582,642,572,704,599,763
m-cup,6571,6390,6406,7740,6385,7634
CG16799,693,696,797,800,768,711
roh,24089,16552,20161,19841,17981,21358
Prdm13,8,1,9,8,18,10
nw,12,14,17,16,32,31
CG9410,1019,1221,1156,1237,993,901
nec,5491,3466,3719,4705,4131,4085
CG4709,204,143,156,162,127,123
CG5327,885,1193,1099,1238,946,722
pont,933,1052,1109,1510,1184,1128
CG33341,0,0,0,0,0,0
CG11638,291,213,204,139,105,117
CG33217,202,181,185,337,282,191
CG42571,57,97,79,122,94,88
CG13197,1424,1416,1466,1756,1507,1619
CG41099,1182,1184,1109,1492,1121,978
Usp12-46,1211,1024,1153,1301,1148,1068
CG15544,169,110,104,108,81,105
CG34177,0,440,0,0,0,391
CG11149,362,243,234,468,421,331
SmydA-2,317,251,284,380,266,252
Cyp6a17,1282,903,997,1270,1012,801
Bcat,1759,1499,1543,2309,1922,1829
CG43175,83,78,74,150,98,84
CG5039,82,75,89,69,77,80
CG18170,679,901,421,404,176,295
CG42324,1347,1282,1252,1078,1122,1152
CG5080,2128,1791,1845,2325,1783,1449
mRRF2,202,181,198,270,229,219
CG4393,652,538,521,711,508,536
MsrA,1526,1193,1315,1279,831,842
Coq9,587,416,481,690,529,498
CG7579,146,211,213,197,143,131
ninaD,1767,1295,1568,1431,1210,1013
FBtr0472787_df_nrg,0,0,0,0,0,0
CG15014,526,440,476,518,435,472
BicC,2905,3061,3142,3709,3197,3507
CG30043,166,147,161,124,108,63
CG43346,657,440,743,517,465,369
tey,250,201,203,299,214,254
Sfp24Ba,1793,2276,1603,1211,851,1052
Nacalpha,5641,5225,5378,6998,5350,4688
wun,1146,799,830,1246,973,851
Drak,1768,1335,1288,1954,1557,1774
Gr64b,0,2,0,0,5,0
Piezo,1702,1278,1274,1622,1139,1193
CG17819,278,389,400,546,410,311
CG34345,88,95,102,101,90,87
CG7778,3237,2819,2480,4030,3519,3209
Fnta,576,609,593,580,483,386
RR49755,6,2,3,3,0,4
Ilp7,13,19,15,7,10,9
Cpr78Cb,2,1,2,1,2,1
CG10031,291,334,332,365,296,126
5-HT7,245,209,186,201,162,133
CG17666,8202,7851,8805,10128,8887,10439
Oatp30B,4792,4756,4669,4561,4033,4058
Sfp24C1,103,277,144,116,87,66
RpS15,16296,13489,15109,16256,16967,14542
primo-2,466,0,805,755,623,481
svp,1678,1316,1473,1292,1140,1339
RanGAP,802,797,871,716,611,666
scf,1522,1323,1446,1561,1343,1402
mAcon2,2056,2467,2336,3015,2388,2013
Wnk,5784,4324,4280,5908,4865,6041
CG9641,1275,1373,1292,1369,1121,1119
mRpL30,514,525,539,488,428,348
Or85e,1,1,1,0,0,0
RpL6,28316,23544,21806,23977,21150,22093
Gclm,2437,2046,2223,2145,1714,1663
CG10560,2066,1911,1857,3434,2749,2921
ZnT33D,561,628,610,922,759,659
CG40006,446,398,334,407,270,197
yata,1680,1584,1530,1844,1553,1446
CG32447,35,24,31,41,51,52
CG18558,52,62,54,62,45,50
Obp56h,49,42,47,40,18,25
CG33669,159,189,147,207,214,100
TwdlL,37,31,41,29,30,29
CG13067,699,341,479,692,664,600
CG32237,0,0,1,0,0,0
Eip93F,12145,11356,11304,11271,9037,7271
CG11857,2781,2418,2489,2882,2393,2088
THG,70,62,56,59,37,42
Men,25824,18472,18591,25941,21647,27485
CG6276,541,478,468,507,376,372
CG32983,0,0,0,0,0,0
gus,597,599,577,657,463,305
Dic4,217,277,231,201,170,172
Ir87a,5,3,9,8,4,3
mia,264,246,225,486,391,363
osy,2032,1681,1483,1999,1559,1303
CG18858,1448,1293,1255,1775,1634,1394
CG31245,1830,2262,2168,2213,1911,1788
puc,1825,1503,1410,2098,1924,1935
mbc,1939,1413,1527,2189,1671,1726
CG15196,1167,1196,1271,1344,1179,1244
CG3397,479,417,408,500,412,372
vg,367,233,208,385,305,237
Ostgamma,1444,1666,1481,1904,1524,1186
Wnt4,140,131,123,134,131,96
CG31358,606,344,268,277,361,1115
Try29F,50,56,68,86,74,51
Sf3b2,752,648,640,769,579,661
Plekhm1,429,383,383,380,287,240
CG43114,937,1024,923,1008,640,618
neb,646,640,648,762,571,550
Meics,189,167,145,183,157,166
glob1,4106,3443,3401,4174,3330,3321
NijB,1,1,2,0,2,0
slgA,7212,6053,5667,7063,5462,5523
Jabba,4157,2930,3787,4416,3223,3335
TM4SF,1529,1380,1322,637,545,487
CG31288,957,868,789,1652,1402,1285
FBtr0304295_df_nrg,0,0,0,0,0,0
CG17199,316,429,359,528,435,354
Cp110,1272,1302,1215,1461,1388,1260
Drgx,191,155,189,195,143,155
CG3557,806,966,926,1291,1105,802
Clbn,616,619,614,713,561,517
CG10958,968,1138,1198,1338,1069,1048
CG8142,82,94,75,79,67,54
Hyccin,899,945,834,890,740,677
Rpn2,4459,4148,4045,5230,4302,4582
MFS3,257,234,226,270,262,217
ovo,528,473,416,583,383,376
CG7006,126,143,152,103,126,92
krimp,190,173,166,201,189,220
CG42558,408,222,0,774,0,524
CG4951,344,252,269,272,287,309
Marf,8003,6151,6287,8853,7449,6683
CG14408,1085,847,919,959,738,914
CG2931,631,571,483,620,485,658
CG9877,1,4,2,0,2,1
Hmg-2,226,170,185,193,159,183
CG32523,155,183,173,136,88,83
sina,2163,2238,2125,2191,1726,1567
CG34202,1,0,0,1,0,0
FBtr0304386_df_nrg,0,0,0,0,0,0
CG31637,1335,1052,1026,1150,993,859
PMCA,13907,10041,10437,11908,9716,8684
CG4168,396,335,266,185,156,204
CG4483,69,104,86,100,70,47
CG13559,60,88,87,87,89,46
nAChRbeta3,344,228,236,452,410,240
Amacr,377,399,370,489,363,304
Tsen15,27,38,33,42,40,30
FBtr0304362_df_nrg,0,0,0,0,0,0
Rab14,4230,3520,3626,3860,3236,3454
P32,289,328,315,418,305,236
CG18284,14424,18525,17138,15373,14283,11315
Rpn1,3727,3176,3105,4181,3223,3463
YL-1,454,375,376,457,388,400
CG34224,1,0,0,0,0,0
rtet,293,177,225,254,227,176
Spn53F,227,235,241,230,232,203
UQCR-14L,647,786,856,870,720,561
fh,227,179,194,185,182,129
Nmdmc,1974,1516,1561,1258,1167,829
BomT2,937,1120,1335,842,431,368
mnb,2451,2008,1962,2222,1798,1628
swaPsi,986,913,980,1220,1029,1376
CG15449,22,22,36,17,26,6
CG13551,3056,2619,2992,3565,3069,2692
Srlp,890,953,893,1046,756,809
CG1789,309,235,316,290,238,227
pros,9868,10726,9125,7904,5534,5526
Sfp65A,1033,1573,1309,1437,1130,992
LManII,6568,3820,4160,6504,5076,4394
Fmr1,4638,3959,4004,4292,3803,4493
CG32815,450,407,349,281,251,229
Ugt35E2,25,38,46,43,24,27
sut2,51,29,48,89,60,30
FBtr0304478_df_nrg,0,0,0,0,0,0
CG8837,334,283,260,269,234,228
CG2224,1410,1422,1387,1850,1564,1573
plx,3759,2306,2208,3569,2768,2569
Hsdl2,1539,1349,1283,1685,1473,1101
CG10543,2782,2224,2121,2377,1907,2008
SdhD,6554,5806,5629,5772,4374,4455
Mvk,584,1028,439,908,462,608
Rsod,41,39,45,41,33,22
CG42688,13884,14286,13924,14349,14136,13739
Obp22a,889,1002,1186,1144,840,774
CG30380,15,9,21,21,18,12
Cyp9f2,4571,3186,3314,5172,3755,2957
CG30271,2021,2078,2051,2625,2194,2445
CG15130,2,2,3,1,1,1
Cpr56F,253,246,268,280,244,245
CG9068,9,7,3,3,2,6
ItgaPS5,6,12,15,10,5,8
Sec63,3544,3268,3156,4126,3246,3060
resilin,25,27,28,38,24,35
CG43333,10,4,12,15,18,22
hfp,3216,3085,2832,2997,2497,2502
Cpr78Cc,18,12,13,66,89,123
CG18731,459,535,480,688,454,442
l(3)psg2,1033,859,941,868,736,820
Naa60,673,485,482,557,456,498
MRG15,379,298,307,370,363,286
CG32984,111,115,87,231,194,156
CG14606,212,245,190,183,139,112
FBtr0309665_df_nrg,0,0,0,0,0,0
XRCC1,426,354,430,506,407,481
CG10505,305,209,201,287,182,151
unc-4,153,179,166,126,87,79
CG9416,755,843,700,1101,826,724
CG33710,29,51,31,44,25,36
CR46274,0,0,0,0,0,0
CG5541,1653,1395,1480,1746,1462,1365
Krn,676,586,598,620,528,488
eIF3j,2064,1917,1869,2435,2327,2009
CG42284,39,37,28,27,14,11
Gr93d,37,18,29,16,25,37
CG7896,142,115,120,72,42,59
l(1)G0004,194,188,188,198,142,104
CG13807,302,252,323,310,270,262
CG7772,1218,1064,1151,1310,1071,1041
Rh5,503,429,425,197,101,96
CG10702,520,478,421,541,427,361
glo,1775,1576,1436,1743,1354,1319
CG32191,318,295,270,310,287,184
CG33458,3,7,5,4,5,1
Pgant6,920,808,767,924,703,750
Lamtor5,732,602,665,707,602,662
PGRP-SA,177,148,165,161,147,112
CG43064,163,82,114,159,103,90
CR46432,2,1,0,4,2,1
CG15279,872,920,803,827,582,541
Mettl14,142,139,145,148,115,92
Art4,310,285,219,288,240,235
CG2839,472,497,417,387,269,394
CG33627,0,0,0,1,0,0
Pnn,199,196,185,183,141,136
CG13430,0,249,227,181,154,0
CG14631,149,166,171,169,157,129
Pcyt1,4166,3256,3188,5227,4423,4216
CG5447,466,446,465,525,477,398
CG46457,81,111,91,146,98,94
POSH,332,309,290,344,269,269
Eps-15,3278,3371,3120,3718,2894,2771
Lsm11,36,35,24,30,28,20
CG8314,567,593,607,539,432,327
Eig71Ek,0,0,0,4,1,2
CG12659,96,90,106,75,61,74
Pen,39142,42389,40916,47705,40975,44840
Cyp6t3,46,57,27,18,40,20
superdeath,255,189,172,310,206,167
PIG-H,182,146,146,147,126,109
CG11700,372,412,426,444,394,409
GstD4,6,6,2,10,2,3
bard,0,0,1,1,0,2
hoe2,407,471,455,501,351,263
Orco,156,146,63,32,12,33
Gpdh2,606,824,778,1054,951,678
CG17571,4895,4861,4860,5378,5931,4377
RpS5a,13390,12663,13505,17815,13628,9294
CR42723,1454,1464,1434,1495,1466,1584
lectin-21Cb,31,56,58,50,51,23
Bap55,267,253,243,342,231,235
knrl,411,380,319,363,317,315
Phax,271,243,242,232,241,234
IntS9,178,167,153,191,161,154
nrv3,12696,13659,11956,8524,6457,5657
Sfp24Bc,232,405,283,158,101,122
CG1827,630,605,628,815,611,487
CG5953,991,1001,881,1504,1124,915
CG41562,0,0,0,0,0,0
spn-A,120,137,104,111,100,55
dany,92,74,91,107,83,79
chk,1955,1552,986,1782,1779,960
fuss,37,49,34,105,74,77
CG43998,290,465,332,540,337,299
CG5003,517,428,454,606,480,432
Keap1,374,421,370,524,427,439
Zasp67,534,135,267,404,328,350
oaf,1539,1344,1419,1249,1178,1274
CG13784,3713,2816,3129,4169,3395,3303
SIFa,77,96,95,83,39,43
CG12817,277,310,295,349,367,321
Fs,287,206,193,192,124,140
CG12502,282,298,251,136,92,113
CG46433,3,0,0,0,7,0
Syx17,637,599,593,708,573,543
Adgf-A,862,539,532,936,709,664
ms(3)K81,71,85,99,128,104,62
FBtr0445482_df_nrg,0,0,0,0,0,0
CG42382,48,47,58,50,38,35
CG13850,543,580,532,598,485,395
Xe7,2018,1880,1792,1864,1519,1836
Nup154,513,472,505,554,460,435
Syb,3205,2713,2952,3590,2674,2993
Grd,85,52,46,40,27,32
CG11911,2822,2775,3118,3755,3267,2937
FBtr0309708_df_nrg,0,0,0,0,0,0
HUWE1,4652,3658,3822,4642,3571,4154
Tailor,1656,1660,1586,1818,1591,1624
yrt,1198,1044,1058,1342,1112,1144
Fem-1,1586,1379,1351,1699,1331,1103
ball,631,654,667,736,567,640
PhKgamma,8522,6234,6877,6473,5599,7578
Cyp309a1,548,307,306,1127,841,696
CG32488,566,702,589,666,546,555
Trf,173,204,186,185,175,146
Nin,1085,839,863,1048,763,841
CG13545,8,14,13,14,16,14
Klp54D,15,15,9,8,7,9
Acp36DE,81325,96348,91471,90921,74447,84244
Mtk,98,72,158,655,126,50
CG10163,3,1,2,0,1,0
FBtr0309675_df_nrg,0,0,0,0,0,0
Kaz,1236,899,954,1013,912,863
enok,1532,1211,1215,1387,1160,1363
CG10182,128,85,65,126,100,98
FBtr0472803_df_nrg,0,0,0,0,0,0
Cyp313a5,1,1,0,3,3,0
Spase12,841,986,949,936,785,689
Dlic,3247,2257,2377,3342,2708,2520
vex,209,168,162,99,101,126
CG13359,791,913,918,1162,899,940
Arl1,1128,1001,986,1117,905,1018
scpr-B,8322,7974,9364,7549,5892,6749
CG9875,1534,1744,1651,1783,1498,1665
CG11089,1491,1452,1311,2207,2207,1372
CG42713,15,39,19,18,24,30
SclA,394,40,51,42,332,24
bond,2864,3259,3036,3016,2475,1948
CG2533,1618,1666,1824,1855,1552,1696
CG8818,1918,1514,1772,2071,1859,1620
CR33487,0,0,0,0,0,0
Drsl3,3,4,13,3,4,5
CG18789,474,504,521,665,570,715
CG43680,1922,2863,3128,2634,2098,1743
Adgf-D,1034,759,788,1112,904,816
Fa2h,313,267,238,290,279,277
Polr2E,393,329,369,404,323,410
Cpr78Ca,10,4,2,3,5,5
CG12679,1207,1589,1620,1349,1266,1011
CG32262,1059,1272,1222,1166,1054,767
CG3769,11,13,10,14,15,4
Yod1,2480,2096,2407,2427,2027,1981
CG32712,81,80,78,69,60,57
CG14625,29,20,17,28,20,35
kat-60L1,3269,3434,3492,4347,3567,4027
CG17111,908,825,768,946,727,675
FBtr0309653_df_nrg,0,0,0,0,0,0
CG41561,448,595,568,689,570,508
CG11619,135,169,139,128,132,86
dao,423,402,349,302,204,188
FBtr0304231_df_nrg,0,0,0,0,0,0
UbcE2M,1743,1602,1600,1696,1526,1422
CG31797,1191,1301,1373,1105,995,1083
Cyp6w1,6076,4535,4662,7791,6522,5685
Cip4,1567,1414,1431,1518,1276,1280
Liprin-alpha,1495,1145,1208,1462,1143,1284
CG6296,314,146,169,196,143,176
Edg78E,19,25,10,13,28,22
PolA1,74,72,56,54,58,61
fs(1)Ya,24,23,24,17,11,16
Shab,3024,2667,2245,2129,1621,2101
Abp1,670,518,539,668,524,435
Dtg,54,33,37,42,52,24
Hug,78,79,81,21,13,19
dpr20,321,236,224,195,131,151
CG42529,3048,3423,3214,3604,3019,2532
CG6231,767,628,637,825,774,562
Zpr1,315,283,271,382,272,259
Gr59f,7,7,6,11,5,5
Dpm1,656,606,551,647,551,561
CG4646,230,232,239,220,186,198
CG30414,26,22,30,30,32,26
CG42834,2,1,1,4,0,0
FBtr0304308_df_nrg,0,0,0,0,0,0
eIF2beta,2091,2035,2176,2342,1880,1832
ena,1049,912,936,1104,889,876
Lcp65Ab2,0,0,0,0,0,0
CG46441,242,304,286,411,343,297
FBtr0304350_df_nrg,0,0,0,0,0,0
CG13331,7,9,7,14,10,10
CG10943,261,256,211,271,207,172
CG30177,788,1134,1043,1336,1045,811
prc,65,58,48,61,55,48
BobA,0,0,0,0,1,0
slp1,72,43,49,52,58,41
NK7.1,1075,986,918,939,789,763
Pvr,2272,1598,1535,2593,2150,1976
mRpL28,1387,1230,1328,1389,1022,786
CG13813,11,2,13,11,4,7
TrpRS,869,966,1007,1001,834,807
cdm,795,661,624,802,634,558
rod,228,238,255,254,226,236
CG4259,232,230,236,260,227,147
Spindly,244,248,261,243,228,226
ppk17,4,12,13,10,9,5
CG4607,1118,815,771,2540,2044,1650
CG44271,167,214,222,294,252,233
Tmem18,193,272,227,85,86,227
CG15172,677,845,799,904,823,776
CG17230,2956,3034,3095,3839,2895,3458
CG3907,2216,1793,1792,2218,1912,1807
CG17738,34,47,44,44,52,18
E(spl)m4-BFM,1,0,0,1,1,4
ImpE3,29,21,23,43,32,19
Tsf3,225,219,200,337,221,200
Rrp47,291,289,305,327,310,266
natalisin,31,49,43,10,19,21
CG31161,2739,3177,3045,3301,2606,2775
Shmt,2459,2315,2084,2767,2593,1909
VAChT,2318,2085,1844,1043,842,919
PXo,324,304,294,328,261,244
Cand1,2931,2862,2912,4288,3165,3498
Myd88,2779,1808,1993,2603,2089,2206
CG9171,1046,795,814,1041,796,620
CG5810,10,11,8,13,23,7
Pef,1220,1119,1149,1306,1248,1136
Pdp1,13065,12713,11430,12756,10522,9723
CR43086,83,101,94,187,94,150
Tpst,1958,1496,1961,1410,1076,1488
Corp,100,39,61,112,84,53
Ir7a,4,3,1,1,1,1
eIF3k,3214,2900,3143,3405,3014,2810
CG13084,8,11,5,4,3,5
CG12499,224,238,212,273,183,163
CG4116,0,0,0,0,0,0
Traf-like,327,263,236,338,283,260
RIOK1,128,74,89,118,70,92
FBtr0309581_df_nrg,0,0,0,0,0,0
NO66,555,552,465,623,527,458
Ars2,1392,1263,1329,1576,1254,1079
FBtr0309745_df_nrg,0,0,0,0,0,0
ssp7,1733,1764,1872,2571,2287,1469
mrj,7351,6763,7238,8516,7795,8078
okr,154,155,154,131,116,106
Glg1,1918,1563,1606,1950,1481,1298
CG11590,564,622,585,704,576,445
CG9577,825,863,817,1014,887,566
Cp15,21,31,19,35,17,12
Reg-2,730,718,669,843,650,600
CG6144,501,526,454,456,375,359
CG32086,1185,1439,1390,1320,1069,933
CG11714,4778,5534,5521,5087,4345,4877
CG34278,0,0,1,0,3,1
CG32148,1091,1398,1396,1484,1223,923
Anp,2961,5288,6004,7525,6377,3731
Tbcb,519,536,567,660,580,542
CG8516,806,674,604,794,668,671
Obp57c,832,841,888,1097,849,658
CG16723,75,32,43,74,59,48
CG46301,144,130,119,83,65,47
CG15522,120,109,127,46,23,28
CG45100,0,0,325,304,227,0
mof,272,246,229,248,260,208
CAH5,266,292,286,146,102,113
fdl,1320,1323,1217,1237,1043,1012
zip,5802,4567,4603,5230,4080,4586
Tgs1,0,268,0,281,0,220
C15,38,39,31,38,30,23
CG14452,70,77,57,61,51,68
CG11269,20,31,36,38,34,14
mrn,189,216,201,193,162,128
CG13101,300,341,331,314,288,217
CG6431,0,3,6,4,2,2
CG1958,1816,1739,1949,1877,1549,2061
CG5916,290,285,251,206,199,216
FBtr0304177_df_nrg,0,0,0,0,0,0
CG13409,198,174,143,128,82,94
CG13314,6,9,2,6,6,0
mRpS18B,297,285,303,325,287,273
Polr2L,130,195,152,181,162,89
Cdc23,609,560,606,773,577,738
Atg1,1405,1227,1156,1302,980,804
nompB,417,564,534,548,539,446
CG12511,162,208,217,271,166,227
CG8476,1084,1425,1267,1595,1113,899
CG41242,0,0,0,0,1,0
CtBP,5782,4732,4747,5017,4149,4177
CG4660,256,231,211,244,171,191
Art7,212,228,205,261,232,199
CG45691,22,20,17,28,35,51
CG32107,109,68,73,125,112,81
FBtr0309643_df_nrg,0,0,0,0,0,0
CG18304,2083,1688,1647,1915,1436,1574
CG31467,387,509,462,575,504,386
Ent1,607,472,536,551,453,297
CG11444,1302,1434,1376,1621,1330,1070
CG4733,1064,720,806,1423,1095,1326
SIDL,445,468,418,412,329,328
mdu,1575,764,884,1545,1278,1329
Hel25E,1144,1067,1040,1281,1051,879
Acyp2,707,698,828,936,737,753
CHMP2B,757,720,756,842,588,644
CG7381,556,415,499,992,729,913
dnr1,1826,1572,1423,1953,1555,1570
rempA,241,264,256,249,193,178
CG2104,557,614,665,883,804,757
CG9986,234,226,206,271,189,174
CG5191,1242,1074,987,1257,1044,1117
Polr3C,45,65,54,80,46,55
CG6337,883,701,851,428,352,549
yip7,45339,27277,27240,49888,38440,42299
CG1440,3067,2877,2847,3250,2594,2938
CG2017,3801,3086,3137,4033,3334,3250
CG13102,253,351,276,338,298,220
trem,294,288,282,412,355,317
CG31921,4665,5075,4885,7018,5995,7229
CG8136,6278,6854,6920,7321,5895,5949
CG34437,0,3,0,3,1,0
CG14717,1117,1351,1328,1291,1082,1023
Dis3,260,212,225,215,181,159
CG2278,380,414,310,318,270,302
CG13837,3,2,0,3,5,4
CG13215,40,53,38,51,25,10
grh,1428,1208,1261,1474,1220,1153
CG8300,302,274,270,351,260,289
CG13041,23,17,25,19,17,12
CG10469,65,67,72,85,74,85
CG6763,37,42,50,16,13,23
Ant2,3474,3837,3917,3783,3328,2935
woc,1366,1130,1161,1368,1079,1026
CG42450,2042,1846,1631,1193,841,945
Dlip2,223,222,212,229,213,204
CG12643,333,232,274,304,360,302
Iyd,4576,4972,4829,5579,4779,5097
Tengl2,111,142,146,142,148,110
X11L,1311,1068,1139,1408,1130,1099
MsR2,215,198,230,219,143,153
CG12863,129,125,134,159,93,91
elfless,771,912,775,922,840,815
CG33282,182,214,167,196,157,75
Myo61F,4629,2496,2764,5591,4237,3815
gas,178,144,143,192,159,101
CG15880,14,22,19,29,25,14
CG13002,2,0,0,0,1,0
CG12902,3668,4442,4323,3599,3290,3703
CG13110,314,501,425,574,453,253
CG33928,2,3,2,2,3,1
Sgp,7176,6842,6613,12779,10962,8368
P5CDh1,5236,4439,3984,4768,3925,3648
CG33521,6141,6271,5851,7388,6111,5743
hale,2330,2451,2398,2601,2372,2345
ecd,635,557,491,573,441,422
cathD,7749,7380,7519,8323,6706,4586
mdy,378,358,385,561,518,312
karr,49,64,64,57,43,49
r-l,279,249,287,205,210,152
GlnRS,668,615,614,827,633,459
spag,999,949,1015,1155,1081,1069
CG10252,9302,13599,12415,13343,9828,7244
Tsp42Eb,7157,4238,4475,6644,6379,6269
CG3335,216,265,261,295,235,218
Hnf4,3243,2450,2613,3205,2736,2989
CG34166,2546,2065,2278,2954,3292,5311
TwdlZ,0,2,0,1,2,3
CG14301,118,106,113,117,69,47
Grx1t,1894,1963,2190,2579,1936,1875
ArgRS,348,302,308,409,318,277
spel1,241,221,215,213,152,148
Ugt36F1,122,103,112,145,147,122
CG7668,563,518,530,546,419,406
pre-mod(mdg4)-I,0,26,48,20,8,0
CG14491,0,0,1,0,0,0
CG12290,1497,1631,1432,1834,1413,1149
SpdS,248,228,249,274,229,174
Idgf2,2235,2093,2137,2951,2251,1614
CG44433,2260,2659,2529,2739,2503,2482
Dbct,316,332,315,380,261,255
CR30279,1,2,5,2,2,2
CG1674,7051,6518,5842,9976,8214,6478
Spag1,872,987,996,1641,1336,1431
RpS29,20896,20163,19717,26948,23523,24497
CG31875,93,108,131,224,157,134
Efhc1.2,488,554,592,339,245,285
HSPC300,356,364,407,388,339,318
mas,84,124,113,32,37,50
CG10341,341,247,267,369,283,355
ste24b,561,832,785,856,666,504
grau,269,249,307,363,221,241
FANCI,190,193,178,164,151,131
out,957,753,788,1254,1020,857
CG12011,10,10,15,5,14,7
Tpi,21189,16272,18817,16673,14459,11588
CG7142,85,61,91,120,125,103
CG31262,1,0,0,1,0,0
Arr2,22268,20106,19797,13669,9506,8213
prd,657,726,732,640,573,750
CR45385,6,6,6,4,9,1
Wdr59,1303,1283,1354,1514,1177,1089
wb,308,307,321,560,440,467
CG11374,93,94,105,120,87,73
825-Oak,25,38,23,12,15,9
CG9445,824,1060,960,896,610,437
obst-H,14,4,6,8,10,10
CG13168,2545,2655,2711,3354,2726,3470
l(3)72Dp,297,303,254,471,396,243
bwa,995,1084,1099,1246,1000,882
Cralbp,100,71,100,93,75,73
CG5292,129,148,140,148,138,108
DIP1,7179,5684,5707,5419,6190,7222
CG45079,0,0,0,1,0,1
CG6999,213,194,218,205,213,177
FBtr0304521_df_nrg,0,0,0,0,0,0
CG43060,8,7,8,3,6,5
SmF,233,230,222,165,162,206
Mst98Ca,22351,25111,23996,29152,25623,20828
CG43759,310,288,242,234,210,172
veil,1524,1143,1117,1836,1419,1316
Herp,3018,2821,2589,3618,2761,2154
CG10919,1293,1355,1399,1852,1516,1646
CycE,430,409,410,444,393,394
HP5,416,284,369,387,292,343
Jhbp6,116,83,100,119,114,76
CG45081,6,9,9,4,3,5
CG8526,4282,5206,5046,6069,4705,4074
CG7632,437,363,319,426,379,368
trh,254,163,151,213,163,164
CG13245,16194,16046,19283,17004,15337,14007
Syn1,414,317,359,283,198,214
Lcp65Af,3,4,1,6,4,9
CG6650,839,891,926,1036,841,676
RpL7A,17270,17139,18054,21971,18392,14690
frtz,339,333,307,328,313,293
FBtr0304191_df_nrg,0,0,0,0,0,0
alpha-Est1,949,794,830,1066,833,676
CG45095,6,6,7,7,1,3
alpha-Est4aPsi,55,66,92,62,64,36
spaw,6016,6998,6502,8716,6932,7706
CR46187,3,4,2,1,2,0
CG3014,301,264,289,250,271,256
CG30275,866,1097,1056,1314,1049,1013
Hsc70-2,5087,5960,6112,7332,5788,5779
Vps60,1647,1647,1623,1877,1692,1542
CG1227,176,172,142,168,149,108
Cpr65Au,1730,1608,1492,1592,1318,1253
CG7573,92,141,132,164,160,101
whip,1617,1873,1862,2254,1826,1919
CG16753,193,153,144,175,167,209
Sdb,2759,2079,2020,3452,2657,2991
CG12773,1323,1019,1005,1218,1036,1062
Moca-cyp,1467,1445,1371,1528,1258,1358
speck,2732,1738,1836,2559,2392,1783
Optix,1083,1170,1040,859,715,746
CG10734,6240,6542,6833,9360,7714,7143
defl,188,177,159,199,146,120
CG6912,319,296,259,263,288,357
mthl3,192,183,159,163,136,124
CG13155,230,163,182,440,406,315
CG10657,982,1064,985,767,683,694
wdn,661,646,588,749,604,605
CG30432,263,296,305,367,301,202
fru,1823,1634,1386,1722,1268,1239
CG9702,1196,1375,1341,1349,1036,1006
CG4896,1197,1237,1250,1336,1082,1207
CG1542,469,485,489,537,424,437
Gdi,4494,4442,4308,4947,3764,3283
AdamTS-B,296,207,185,265,201,184
CG5614,4703,5437,5380,6908,5438,6269
CR43975,204,228,227,311,273,271
RhoGEF4,34,26,41,39,23,27
etaTry,185,190,165,169,174,108
Prx2,4500,3885,3822,4900,4058,3252
CG12708,25,27,27,22,18,14
CG17821,171,205,230,197,159,105
CG42395,115,147,133,122,137,102
Nop60B,469,451,497,463,415,480
CG17717,1118,1530,1378,1644,1225,1023
dmGlut,653,559,534,707,684,455
CG13476,859,1160,1021,1371,988,577
crok,169,166,179,140,119,82
CG1304,357,288,326,534,590,471
FBtr0472776_df_nrg,0,0,0,0,0,0
Nep6,620,603,611,1267,962,758
CG7912,14,12,11,13,15,8
gem,5469,4369,3634,5795,4921,5129
Nplp2,16396,17777,17448,22333,19733,10412
E(spl)mdelta-HLH,1,0,1,3,1,0
Zyx,1513,1499,1347,1459,1350,1128
CG42271,801,787,758,718,575,481
CG1116,621,664,649,687,576,575
TwdlW,6,10,8,4,10,3
CG14439,1025,832,791,1220,971,613
CG31121,279,282,203,270,176,157
Hat1,958,1026,944,1062,958,791
CR42499,0,0,0,0,0,0
sc,2,0,2,1,0,2
p24-2,415,81,113,74,50,28
Gem2,406,457,385,527,403,403
ATP8B,1446,1449,1146,1482,1174,1306
TFAM,1018,899,917,1022,745,818
CG13589,0,0,0,0,0,0
cid,46,44,32,47,52,72
dachs,94,115,97,110,88,65
nerfin-2,10,12,19,12,11,8
PolD1,146,150,156,204,158,127
CG31776,217,234,199,290,292,229
CG5445,1880,1696,1690,1970,1733,1768
CR46154,1,11,0,1,1,2
RpL12,12624,13375,14214,15796,13332,10197
RabX4,350,297,317,276,241,234
da,1916,1580,1599,1843,1613,1681
Sems,406,624,594,685,568,366
Tollo,454,357,359,507,399,360
CG8149,578,534,478,656,555,527
Dis3l2,2158,2118,1981,2562,2133,2140
nudE,3599,2931,3121,4184,3482,4041
CR33013,13,20,16,25,23,24
inv,144,194,161,154,124,147
Ykt6,985,837,861,906,804,907
Muc11A,14593,12276,13296,14315,12171,11430
CG17362,1,0,1,1,0,0
HINT1,3500,3128,3465,4490,3571,3795
CG31199,1008,747,771,933,612,550
CG17145,8,3,3,11,7,2
Datp,306,241,289,241,182,146
GABA-B-R2,759,757,639,485,393,501
CG12541,228,284,231,255,173,122
Adi1,1159,1137,1090,1397,1067,902
Prx6b,3906,2703,2508,3995,2694,4087
Fibp,439,354,347,350,383,287
drm,1508,1159,1105,1206,1137,1287
flap,5057,3113,2886,3830,3269,3561
CG45076,9589,8188,7565,8123,7159,7127
nab,11,16,11,18,7,7
Drsl6,0,1,1,0,0,1
CG10038,372,347,368,406,314,295
bdwf,178,163,157,156,131,170
Smr,5005,4338,4436,4826,3260,2898
Eglp4,4513,3928,3787,5410,4732,4086
fwe,2380,1954,1811,1427,1174,1208
fra,827,760,741,1003,788,816
del,787,807,722,615,531,647
CG43155,12,12,16,14,11,4
Idh3b,16180,9906,11140,14143,11908,10619
crc,23656,18871,19051,25704,20378,21874
CG12224,418,360,373,549,429,383
CG9747,2847,3110,2849,2464,2203,2258
SelR,3738,3130,3184,3320,3026,2869
Doc3,60,45,44,86,138,75
CG18180,2985,1650,1254,4193,4187,1604
Galk,2820,2804,2654,3550,3063,2539
Mip,162,168,140,85,59,47
CG6678,65,52,45,40,43,32
WDR79,147,147,161,176,173,170
CG6974,8,13,14,48,40,32
CG32391,63,64,51,110,68,58
Prosbeta4R2,742,836,838,1037,912,777
botv,390,334,304,403,360,260
morgue,434,397,394,401,340,346
ECSIT,166,151,150,169,120,120
trx,2462,2049,2028,2793,2064,2340
cta,469,522,468,508,447,340
CG33290,1668,1929,1575,1875,1693,1536
CG4998,18,34,26,26,14,17
CG12289,855,976,1017,1116,965,1020
RhoBTB,1163,1328,1236,1249,921,858
CG32187,25,34,28,22,18,20
Hip1,952,965,955,1272,1086,919
FBtr0472703_df_nrg,0,0,0,0,0,0
CG6138,1232,1358,1283,1368,1243,1570
Or82a,0,1,2,0,1,1
Nnf1a,111,130,132,158,147,148
CG9016,21247,18979,20563,22985,21199,29352
CG8003,482,423,462,515,457,476
GstO1,618,676,660,788,635,619
Dhc62B,958,1030,980,1467,1061,1225
Dhfr,136,145,119,98,106,84
nopo,79,119,91,85,111,74
Ilp5,68,74,75,25,19,12
CG15260,2015,2233,2361,2475,2154,2726
RR50375,7,0,0,15,6,10
CG14879,424,340,346,492,464,423
CG32277,2,3,4,4,5,0
Rtf1,2451,2124,2226,2759,2176,2601
mge,7148,6581,6256,6528,6042,8384
pkaap,729,583,590,644,494,461
Gr59a,6,6,5,12,4,2
dnc,9142,9608,8021,9006,7170,5912
Cog3,457,505,408,546,436,422
Ir8a,7,4,4,2,1,1
CG10340,1593,1187,1445,1401,1339,1357
TTLL1A,524,588,576,643,545,539
CG42336,1600,1793,1671,1376,1108,1020
Srp19,507,523,502,536,425,508
Afg3l2,4618,4570,4321,5122,4064,3598
eIF2A,11205,12304,12212,13832,10775,9460
CG14421,6,7,8,7,5,7
FBtr0472712_df_nrg,0,0,0,0,0,0
Uhg7,0,0,0,0,0,0
CG4229,0,2,1,0,1,0
CG1896,262,232,248,270,239,296
CG17349,2114,2789,2732,3162,2467,1978
CR31054,33,7,22,33,15,34
CG7378,11404,7676,7956,9202,8199,9200
sloth2,0,0,327,0,122,0
Lamtor1,916,705,739,777,775,765
SCCRO3,2442,2607,2608,3491,2919,2887
CG10151,330,309,309,315,264,256
Act57B,62321,56299,51358,46810,37212,45495
par-6,1080,1010,1002,1123,890,744
uncNacbeta,1255,1094,959,1178,1052,1161
Rpt4,1819,1664,1571,1853,1487,1605
lectin-46Cb,1610,1892,1909,1909,1533,1912
CG12822,776,747,712,766,649,577
CG14357,18,24,9,10,8,8
Mo25,2066,1853,1765,2073,1685,1614
CG9021,21,17,21,28,21,21
CG30345,450,366,394,527,466,370
Ance-3,443,291,280,447,339,258
Fer1HCH,27500,22556,24997,27512,25111,22832
CycG,26062,26102,24142,27657,23167,19340
CG40198,626,468,467,510,423,494
CG4438,432,577,513,602,483,406
CG14269,523,596,684,720,527,511
Naa15-16,1870,1688,1719,2135,1677,1830
CG42846,275,298,276,406,372,196
TrissinR,316,281,259,273,184,245
ArfGAP3,1992,1744,1786,2186,1777,1574
CR45499,132,105,187,144,160,152
E2f2,661,666,655,628,577,563
Hr83,0,1,0,0,0,1
CG3184,58,57,78,71,28,26
CG30053,15,8,13,6,6,10
CR46172,0,0,0,0,0,0
AnxB10,1550,1341,1305,1206,1008,762
caps,3672,2596,2789,3882,3073,3099
CG13526,430,445,489,488,367,361
CG32079,14,21,14,17,9,6
CG32945,152,211,194,277,234,126
Slc25A46a,734,638,701,716,631,555
t,3354,2301,2350,1826,1401,1276
CG1636,2466,2220,2101,2165,1743,1452
CG4669,5118,6011,5901,6455,5255,4886
r2d2,557,550,507,641,549,417
l(2)dtl,129,117,117,110,89,106
CG14763,866,1041,1127,1059,762,652
laf,639,761,754,965,798,754
nocte,3971,2796,2806,3136,2340,2778
trpl,5041,4734,4268,3066,2289,2195
Obp56g,9557,11688,11547,11072,7030,7595
Tim8,1553,1519,1732,1662,1665,1517
CG12035,1436,1472,1507,1825,1562,1325
ash1,1762,1637,1630,2036,1788,1857
ppk3,8,12,13,9,4,5
CG11279,101,118,127,117,86,72
Pdp,1086,1025,1096,1058,851,896
Spn28B,433,697,578,520,433,282
FBtr0304200_df_nrg,0,0,0,0,0,0
CG8229,1526,1305,1268,1864,1670,1696
CG2611,168,170,166,199,173,151
Art1,452,444,477,413,340,326
CG11791,4023,3322,3132,4125,3512,3608
CG16820,1594,1608,1484,1705,1573,1379
CG10591,3,2,5,4,2,6
CG43843,63,58,64,53,42,53
CG32023,585,571,667,762,664,589
Kap-alpha3,7829,6299,6336,8096,6788,6555
Rab3GAP1,656,553,516,643,475,446
CG13229,118,137,115,109,115,115
CG6330,1900,1380,1389,1734,1392,1343
PolG1,170,140,143,275,196,201
cort,14,15,17,25,17,9
eIF3d2,1629,1706,1714,2499,2390,2126
kermit,4233,4074,4218,4810,4272,4555
CROT,554,505,507,752,588,468
Zfrp8,134,154,121,150,143,102
FBtr0309686_df_nrg,0,0,0,0,0,0
CG8173,258,273,271,306,267,220
Pgm2a,9111,9355,9265,11715,9966,10026
CG18477,0,0,0,146,0,0
CG15021,4431,2921,2823,3805,3064,3397
RpL23,15205,16831,16683,16247,14647,12681
brv3,271,358,365,360,292,263
Naxe,238,204,214,233,236,196
Usp15-31,1332,947,975,1503,1107,1208
CG14102,72,79,79,68,57,32
Ipp,988,1003,882,737,490,461
Rab39,1009,922,823,868,780,696
aub,220,232,203,172,136,150
CG44013,118,198,204,92,73,51
CG13871,564,567,557,581,464,455
Poc1,1318,1446,1524,1370,1143,996
CR46179,2,6,3,0,2,1
casp,2894,2564,2636,2946,2476,2982
CG32568,962,1100,1136,1433,1388,1371
Nup75,309,405,364,321,285,230
Rpt6R,821,951,953,1326,1123,939
CG44437,234,274,313,381,294,303
CG30192,620,870,978,1465,1252,613
btn,0,1,1,0,2,1
CAH1,3288,2359,2375,3143,2726,2276
Osi13,24,27,39,38,44,43
Cpsf100,309,292,325,369,279,241
CG34357,314,303,242,142,123,165
tnc,1284,819,880,1444,1238,1358
CG18765,26,24,30,23,7,22
ACXB,213,270,234,227,177,186
Or9a,5,7,9,2,2,5
Vps37B,381,396,409,431,346,271
Smyd5,198,218,228,254,195,185
Pk34A,180,212,206,249,218,245
CG32115,91,78,75,84,87,43
Sgt1,958,943,968,1140,968,760
HMS-Beagle2265,1129,1249,709,680,813,547
CG6195,374,337,325,342,285,238
CG3355,6,6,8,3,4,4
HtrA2,1013,1122,1050,1435,1177,1116
alt,4870,3614,3865,4507,3981,4585
GstD10,78,72,81,94,73,35
CR46404,0,0,0,0,0,0
Cyp317a1,409,357,316,360,223,259
DptB,61,32,145,255,64,24
CG8138,727,815,751,1021,787,736
CG9521,20,11,16,16,12,12
CG14352,39,61,56,66,52,27
CG15019,522,477,467,540,441,422
Trpml,948,573,1331,1132,960,1459
E(spl)m6-BFM,1,0,0,2,0,2
CG42831,577,615,506,629,566,632
SdhC,11391,8521,10507,7405,9778,9639
pen-2,168,233,171,174,137,109
Ythdf,1187,908,936,970,854,832
Mgat4b,67,75,83,122,101,68
FBtr0304336_df_nrg,0,0,0,0,0,0
muskelin,304,290,259,357,316,245
CG30059,30,2,34,51,31,20
CG17544,986,738,704,907,716,612
CG7069,4181,4253,4410,5466,4474,5221
RpL29,4972,5663,5925,7390,6071,4392
CG15754,1,2,0,2,1,0
hoe1,2936,2018,2290,1954,1540,1405
ple,2432,1601,1626,2005,1619,1587
CG31326,1720,1552,1625,2874,2269,1828
CG13365,304,306,329,259,228,162
gl,330,323,294,195,160,157
FBtr0309696_df_nrg,0,0,0,0,0,0
FBtr0309635_df_nrg,0,0,0,0,0,0
mu2,341,327,321,375,350,361
Vha100-2,6481,4589,4613,7352,5721,5128
jet,216,185,221,219,164,164
Ogdh,39395,20725,22253,50680,42368,43219
Apc2,205,228,205,229,180,150
Zasp52,48894,31664,31631,43773,36344,38320
CG10280,2,3,0,0,2,0
Hs3st-B,89,86,55,40,39,43
Lcp65Ac,5,3,3,1,4,5
CG10588,885,1091,984,1290,1070,937
CG40486,459,450,383,511,346,290
Fas3,1630,1279,1242,1668,1283,1232
CG2818,723,707,650,766,603,602
CG15629,162,118,111,173,131,104
CG42751,20,34,29,32,23,13
COX4L,2344,2983,2763,3167,2328,2018
CG4041,337,293,320,350,269,248
CNMaR,80,59,61,55,46,33
gro,2581,2305,2289,2503,2112,2076
sr,724,571,423,640,474,568
Mal-A6,14409,6162,6359,17601,14097,9665
Cpr,35430,24085,26624,42476,33592,36169
FBtr0304507_df_nrg,0,0,0,0,0,0
CG13051,3,5,1,4,6,10
CG14302,35,40,32,16,8,24
CG17191,1,0,0,2,0,0
CG13675,9,17,12,32,10,13
swi2,307,306,340,315,251,214
Pex14,1232,1043,1189,1309,1279,1134
CG11158,227,245,224,233,187,135
Fip1,478,398,393,489,336,382
CheA84a,50,31,24,47,44,26
CG2680,781,931,826,713,572,455
CG14777,427,491,451,437,298,291
DNaseII,1273,750,768,1340,1224,897
Rfx,605,575,566,599,469,488
Spn77Ba,1244,995,959,1404,1222,1013
Gpa2,14,15,13,17,9,4
CG33506,269,322,256,331,235,175
FBtr0304271_df_nrg,0,0,0,0,0,0
BG642312,16405,20926,17033,12321,11501,7824
Rbm13,268,250,237,316,221,332
Strn-Mlck,27464,12344,15627,24524,19285,18355
G6P,167,256,261,328,237,135
FBtr0472735_df_nrg,0,0,0,0,0,0
Gp93,6601,6268,5920,7772,6474,6412
Mnn1,2198,2050,1867,1601,1290,1340
betaTub56D,12933,9542,10051,13537,10989,11297
Roe1,2115,2253,2312,2544,2180,2220
CG12194,876,799,661,797,609,565
Adgf-E,1293,1619,1704,1816,1499,1239
RpS14b,4966,4854,4969,5326,5619,6020
Prx5,7099,6182,6184,5867,4763,4347
CG6329,5189,4687,4389,2467,2079,2399
slpr,1223,978,956,1190,983,938
alpha4GT1,465,373,461,402,349,328
Axn,1197,1055,970,1156,915,1048
FBtr0309630_df_nrg,0,0,0,0,0,0
CG14237,0,0,1,0,0,0
RIOK2,334,340,360,335,279,268
CG34323,10,19,17,31,30,23
CG2656,289,285,312,273,198,190
CG8617,819,854,774,880,722,905
RhoGAP100F,1157,936,910,619,450,581
CG43447,27,26,14,34,17,10
CG45101,472,362,316,473,399,382
Cog4,522,539,535,672,529,438
Not1,18207,16040,16083,21225,16791,18152
Vajk3,945,719,740,294,255,228
RR51475,405,0,404,98,0,62
mRpS30,981,847,818,966,764,778
yellow-k,65,89,79,64,39,53
CG15908,97,83,77,103,87,47
CkIIbeta,3772,3376,3298,3486,2804,3378
Lipt2,196,231,231,213,164,170
AP-2sigma,619,610,603,586,421,369
CG42570,1232,1635,1457,1782,1629,1261
sloth1,417,454,108,524,263,278
Miga,695,681,632,876,747,676
Nelf-E,432,491,485,487,508,450
CG43924,308,0,0,0,373,0
CG32639,33,46,36,62,31,36
Graf,2447,1899,1974,2366,2011,2052
CG7101,53,40,48,49,52,38
cer,581,454,587,521,553,460
CG17029,1530,1383,1399,1396,1217,1158
Mst87F,7608,11266,10722,10823,7997,6808
Lrp4,703,630,584,374,288,296
Octalpha2R,750,741,665,541,383,391
Amyrel,117,88,89,156,164,107
CG42495,32,36,30,28,30,17
Atg8a,16148,12777,12550,13517,11575,11783
CG13148,175,222,226,279,202,202
Grip,246,219,208,345,261,224
CG34109,706,622,593,649,405,386
CG43691,626,681,660,1012,832,853
Lsm12a,971,817,860,985,712,727
Cdc6,70,59,63,67,47,35
CG15765,2312,1712,1749,956,784,1112
FBtr0309699_df_nrg,0,0,0,0,0,0
CG43204,12,12,8,13,8,13
CG17270,152,140,127,121,73,74
CG8353,251,252,246,313,264,201
CG46434,2676,3501,3550,4763,3608,3470
Ca-beta,2394,1947,1563,1651,1391,1660
Theg,2392,2773,2884,3618,2878,2659
Gr5a,9,7,7,10,5,6
CG17139,356,0,0,491,0,0
Pbp45,36,30,26,36,25,25
CG8245,1595,1769,1719,1892,1489,1267
FBtr0472819_df_nrg,0,0,0,0,0,0
Brf,258,255,183,206,175,146
miple1,1745,1797,1544,953,721,688
Cyp313b1,66,41,57,98,90,31
pcx,1280,1045,1065,1281,987,1088
CG14756,4,3,1,3,2,3
RecQ4,37,39,42,60,58,28
cl,2558,2169,2453,2778,2287,2548
TfIIA-L,2052,1818,1858,2066,1743,1911
CG11899,815,722,718,929,711,514
CG32801,27,24,36,40,20,23
Gmd,345,380,333,408,333,308
CG6154,252,292,249,132,112,103
CG8100,7,8,19,52,24,35
SC35,651,760,731,612,631,604
Tm1,33178,27377,28723,21454,16392,15580
grp,657,640,613,576,415,442
FBtr0472821_df_nrg,0,0,0,0,0,0
CG31381,62,40,52,56,41,43
CG17110,474,855,239,1034,763,78
CG15865,165,131,117,157,116,112
CR40461,0,0,0,1,0,0
CG30480,0,98,91,9,0,0
CG13426,11,16,41,24,15,14
CG43322,296,337,307,419,361,351
CG10904,146,159,143,165,170,117
CG16974,4684,3660,3851,4113,3280,3266
GC,119,127,109,101,84,79
Polr1B,106,67,74,101,87,69
CG11247,1190,1089,1105,1206,940,929
Or10a,0,0,10,14,10,4
CG45676,7,1,3,6,7,3
CG3040,461,497,445,508,419,371
CG14483,2154,1860,2114,2666,2174,1894
CG11257,147,160,139,135,115,116
mei-41,131,115,133,145,116,91
Or19b,1,3,4,1,5,6
CG12376,811,1078,1117,1460,1147,942
CtsL2,11,11,15,12,13,5
CR41519,0,0,0,0,0,0
Es2,803,741,739,914,787,896
CG42659,6731,7307,7558,6691,5744,6921
CG16711,3982,3612,3627,4457,3682,4515
wor,4,0,0,1,1,3
CG42504,294,656,631,820,627,0
TfIIA-S-2,50,59,58,65,56,48
boca,446,324,413,354,309,343
CG46395,4,4,4,5,2,2
rdgC,772,773,626,471,293,310
fand,371,291,336,475,337,335
CG34265,3,3,4,1,1,2
CG30151,368,340,290,330,267,266
Bhmt,1458,1363,1368,1402,1121,1005
Taf10,520,444,478,554,419,393
FBtr0445466_df_nrg,0,0,0,0,0,0
CARPA,194,218,207,143,105,126
Capr,4490,3570,3801,4482,3638,4381
CG11951,173,159,131,281,192,140
CG10431,242,253,254,221,202,207
Mlc-c,3468,2816,2721,3761,3151,3076
CG42561,51,53,45,47,40,39
SKIP,394,336,313,288,242,254
mRpL36,151,194,214,172,178,163
brp,3410,2680,2439,1543,1221,1538
nAChRalpha6,1638,1903,1612,1521,1328,1164
CG6553,60,38,59,59,51,27
Gyc88E,155,165,129,111,102,90
ms(3)76Cc,4030,4286,4325,5301,4211,4398
sPLA2,484,386,419,443,403,316
CG43178,356,0,0,76,100,0
Ptp10D,2383,1870,1953,2446,2111,2241
Dlc90F,3122,2756,2826,3396,2958,4090
mRpL10,645,549,584,516,373,339
CG13443,0,3,0,0,0,0
Pglym87,3684,4049,4098,3948,3475,2911
CG14562,520,514,476,542,390,348
FBtr0304445_df_nrg,0,0,0,0,0,0
Pfdn1,764,555,767,928,779,1014
CG45690,1,4,1,3,2,2
vas,123,128,124,113,93,102
Kmn2,130,103,107,97,84,128
CSN1b,1160,1027,1052,1269,1071,815
CR45716,5,1,9,11,1,6
Boh2,170,198,189,163,134,111
Rh3,2454,2341,2324,1609,1295,1329
Obp58c,11,8,5,5,5,3
CG34221,5,0,1,5,17,15
Brd8,340,342,377,353,291,340
MtnD,423,440,300,323,306,342
CG44286,2090,1209,2367,1849,829,1237
CG12945,557,502,469,657,458,308
CG30479,353,72,70,292,306,140
Mat89Ba,249,223,243,217,191,141
Chro,1130,887,949,954,778,761
Taf13,393,345,410,459,405,405
CtsK1,3902,3374,3556,4077,3217,2818
Cyp6d4,344,280,304,456,364,275
CG5399,5021,3802,3873,6031,5193,3646
CG42660,0,510,0,588,445,0
futsch,5783,5026,4357,2831,2049,2715
CAH8,24,34,33,23,17,28
CG13728,18,22,23,13,21,20
UQCR-6.4,2902,3490,3654,3425,2511,1347
CG42514,850,661,717,1134,947,815
OSCP1,43,51,45,31,28,23
CG16739,2915,3213,2964,3172,2610,3011
hoka,1869,1231,1314,1779,1459,1626
CG33920,0,1,2,0,1,0
CG43237,244,332,293,393,331,248
mtm,686,551,640,610,488,459
CG9582,359,507,460,514,370,303
CG15760,252,192,203,163,123,134
Eaat1,4555,2946,3175,4594,3732,2351
CG17005,711,894,820,1104,844,715
Cyp4d2,913,943,888,1218,956,789
lectin-24A,69,40,40,121,114,73
Toll-4,21,21,17,16,24,20
CG6700,3253,2926,2628,2869,2321,2743
CG30103,404,581,521,692,449,377
Irbp18,266,254,302,357,217,237
yuri,4556,4819,4858,5741,4550,4951
CG11788,26,27,30,19,21,26
Sur,153,154,140,191,137,143
CG46512,31,40,36,69,71,42
CG44624,3,0,0,2,1,1
Gr66a,13,14,5,11,7,3
cmet,1064,1154,1144,1272,1056,1063
Cyp318a1,38,32,23,54,51,19
CG13247,8,8,6,10,8,6
CG16953,3555,2860,2927,3809,3285,2885
CG11668,70,58,33,42,34,29
nonC,1415,1222,1229,1682,1377,1307
CG8841,387,380,430,514,399,414
Nadk1b,358,320,309,281,201,186
CG31784,1254,1504,1428,2042,1530,1619
Tsp96F,1181,992,978,1307,1054,1080
Vps13B,8208,8064,8272,10405,8008,7493
Inx2,3235,2068,2202,2783,2288,2102
CG6415,718,582,615,755,718,674
Cht6,527,326,360,303,306,355
CG5664,288,363,352,374,295,242
CG9147,812,1012,992,1097,834,755
CR43734,34,51,61,82,67,45
Rrp46,65,48,53,45,31,45
St3,388,394,369,422,343,271
Eno,64336,34765,43260,56985,49286,42478
FBtr0445479_df_nrg,0,0,0,0,0,0
VhaM9.7-b,2950,3266,2804,3261,2461,2055
Sirt2,1482,1417,1431,1559,1228,1444
Inx3,1404,1129,1163,1742,1440,1401
CG12680,101,164,150,199,134,139
CG16865,343,322,316,381,337,418
CG10481,27,28,40,36,33,14
CG31019,36,47,46,38,37,37
CG14480,1678,1002,1653,2141,1619,1529
Tcs4,289,240,277,276,233,216
CG17271,2772,2253,2280,2867,2606,3022
CG14655,495,520,402,589,520,505
CG5934,270,297,273,319,287,228
zf30C,716,606,642,685,565,579
CG7290,0,2,0,0,3,2
CG8858,714,691,717,846,608,500
CG7017,14,9,7,27,3,7
CG13627,24,4,6,8,10,12
CG15879,81,64,87,104,85,59
CG5181,172,157,179,257,209,128
Ubx,511,537,454,433,354,264
kl-5,580,602,538,814,624,690
row,857,658,682,894,690,690
CG42568,811,835,826,841,718,681
RpL7,20922,18882,19641,23252,18087,13123
aux,2305,2000,1868,2195,1891,1944
Cdc37,1660,1615,1761,1934,1519,1435
CG6893,376,467,418,543,420,404
CG14111,92,108,120,92,88,105
Gr94a,12,6,8,17,7,7
ft,482,457,447,569,555,646
sca,130,130,110,59,45,39
Prosalpha3,2636,2381,2595,2816,2373,3059
Dhc93AB,229,213,170,228,155,166
mh,122,107,114,143,99,124
CG3528,284,457,449,495,400,341
dind,599,497,498,527,431,389
CG31683,1117,673,790,1391,1429,1001
CG4822,1124,1025,1056,1448,1219,882
CG34308,963,930,847,1372,1203,1268
Zmynd8,2055,1811,1758,2197,1816,2106
CG14810,95,75,68,91,72,76
CG42699,482,555,527,537,443,457
velo,4601,3928,4393,5643,4918,5952
CG42264,0,0,3,3,1,2
CG5612,2152,2327,2069,2391,1930,1662
CG9743,2243,1286,1358,1981,1571,1631
AP-1sigma,869,885,759,861,696,673
VepD,48,41,20,25,7,19
CG4592,611,687,663,617,437,307
Gcn2,922,805,803,1031,790,747
RpS6,23053,19946,21310,24027,21706,25871
CG32755,76,103,90,112,95,83
CG46298,5802,6660,6634,6304,6059,6375
Mst84Dc,4780,8284,6522,8364,5842,4533
CG13053,16,13,18,38,50,27
Tim17b,1915,1828,1834,2138,1941,1593
CG33919,0,0,0,0,1,0
Obp28a,471,430,313,88,67,178
TwdlQ,0,0,0,1,1,0
CG34222,1462,1842,1684,1892,1567,1559
CG5011,3164,2325,2016,2321,1813,2460
nau,126,142,117,132,101,114
Vps25,434,458,442,551,400,320
mthl2,53,67,78,123,93,55
HBS1,1494,1502,1576,1592,1419,1472
CR10032,1,0,0,0,0,0
CG46309,4120,2681,2982,4148,3929,4319
Ets21C,222,218,191,388,310,346
CkIIbeta2,756,1019,950,1188,1009,781
Mur29B,1389,1214,1190,1026,1017,872
CG34315,1021,1038,976,1684,1402,1378
enc,4918,4286,3963,4385,3527,3741
CG1635,428,362,326,436,388,340
CG12164,26,11,20,8,15,12
CG5355,2433,2432,2520,3326,2634,2118
CR33294,69,87,96,82,99,101
Cdk5,313,305,284,400,319,280
CR34254,12,13,12,13,8,6
CG31495,87,88,93,102,65,52
Fadd,126,163,134,172,150,148
CG16837,496,534,539,728,575,490
Uba5,296,374,356,365,249,220
Sid,158,91,131,119,80,48
Rpe,1115,1247,1243,1624,1322,1022
capt,3025,2238,2292,3261,2832,2790
Usp2,6405,6063,5897,6823,5490,5398
CG8405,2706,2130,2121,2796,2325,2460
CG4619,459,413,375,552,441,430
CG13428,3831,2747,2530,1603,1394,1414
GstD9,445,602,586,809,610,565
CG6421,281,193,236,258,232,182
mRpL43,301,275,314,335,287,233
RpS3A,9312,10826,10584,12315,9020,6251
DnaJ-1,5351,5135,4683,4372,3328,4157
ND-30,8042,6174,7197,6057,5213,4704
B-H1,68,56,53,69,43,35
CG15888,0,1,0,0,0,0
CG34028,2,4,5,0,0,0
sturkopf,1150,1062,987,1058,990,776
apn,5,6,4,1,2,1
CG18327,120,117,144,120,69,62
CG32188,1,0,0,1,0,3
RpS15Ab,582,573,592,692,536,403
CR42722,0,0,0,0,0,0
Sptr,185,189,227,258,169,141
gammaTub37C,3,4,7,4,7,8
Hmgs,2027,2191,1961,2698,2438,1809
FBtr0304397_df_nrg,0,0,0,0,0,0
hep,1698,1523,1466,1685,1405,1390
FBtr0304318_df_nrg,0,0,0,0,0,0
Gcn5,739,603,594,672,503,459
ringer,1068,887,943,1426,985,1051
CG5835,1102,832,723,1016,729,743
Ir94f,0,1,0,0,1,0
CG4194,18,13,9,21,17,18
xit,168,185,167,187,155,89
Cka,4746,4720,4352,5176,4112,4211
CG12768,89,70,91,101,82,97
CG9682,807,597,579,738,546,690
pre-mod(mdg4)-AB,110,137,100,66,47,84
Gr64d,11,28,18,0,0,12
CG8119,54,69,52,70,60,37
CG3081,6,9,16,9,13,7
SMC3,480,348,297,440,328,365
CG13566,20,29,19,9,10,10
CG5770,123,37,36,220,244,310
beta4GalT7,237,270,218,262,236,235
Tom40,1714,1615,1541,1940,1725,1612
Uck,899,780,861,869,813,705
CG31404,293,376,350,461,383,290
angel,126,162,153,153,116,109
l(1)10Bb,723,672,709,818,690,723
htt,1700,1441,1339,1705,1279,1266
CG34297,1,2,0,4,1,0
CG5390,2109,1467,1469,2565,1853,1275
CG1572,2535,1998,1748,2601,2192,2120
Obp58d,0,0,1,1,1,1
CG43789,76,137,70,84,60,43
CG14110,3,3,3,6,0,1
CG1103,338,365,374,384,294,238
pAbp,60296,59669,59470,75892,65819,51832
FBtr0472708_df_nrg,0,0,0,0,0,0
CG34250,335,297,376,308,294,230
Fmo-1,305,245,241,270,230,159
hb,374,297,252,240,207,255
Trc8,6307,5856,6025,6851,5546,5791
Sirt6,40,34,39,31,29,34
Fancl,220,259,270,230,228,220
synr,3,7,7,11,9,3
Takl1,154,127,121,136,131,126
Osi1,2,3,3,1,1,2
bbc,3999,3334,3477,4697,4002,3738
CG42705,0,0,0,0,0,0
CG33771,0,0,0,0,0,0
Osi24,88,61,52,94,64,75
D1,2745,2897,2877,3220,2660,2757
CG15169,58,35,26,26,26,32
FBtr0304257_df_nrg,0,0,0,0,0,0
Cchl,4650,3872,4162,5048,4245,4567
Cyp6g2,489,598,477,392,384,291
CG32817,105,153,170,152,123,110
Tps1,17388,15296,15851,23701,17498,13313
CG14424,1,1,1,1,0,1
RR51000,7,23,35,17,30,0
mrva,2341,1986,2031,2358,1785,1636
CG34038,5,3,6,9,3,2
CycJ,30,38,29,61,52,42
Nf-YB,151,123,116,125,91,101
CG14342,14,6,8,7,4,12
Tmep,2488,2274,2195,2957,2335,2076
atk,298,319,359,604,541,497
CG33777,1,0,1,0,1,1
CG18659,3797,3537,3634,4437,3779,4334
RpL18,14386,13665,15101,18477,16183,15080
ND-15,3836,3132,3670,3791,2867,2926
Ance-5,573,422,497,1262,1116,861
SecS,673,747,709,733,567,647
Sf3b5,273,261,270,263,257,212
CG30323,103,131,111,122,124,84
comt,1910,2032,1703,1358,1032,957
CG31709,8280,8550,9410,10106,8258,8718
CG17141,158,162,132,188,113,96
CG15930,91,124,111,85,86,71
CG7031,33,24,25,23,23,34
CG30394,453,471,455,535,375,368
Vha16-3,82,112,124,92,72,39
CG5402,1790,2068,1804,2141,2054,1773
wupA,25593,22989,22866,18776,15941,12577
CG13962,1,2,3,13,15,19
Cyp4g1,408168,342302,368749,490338,448662,409784
Ect3,255,220,188,211,189,105
Sodh1,6906,6093,5550,9125,10117,9924
CG43138,172,207,174,174,103,122
ckn,1353,1009,1077,1172,958,836
salr,613,643,567,762,657,720
laza,618,561,496,802,674,610
CG9896,1867,1228,1402,1660,1470,1227
Acsx2,210,199,116,45,23,64
tj,88,86,78,54,42,60
mip120,344,235,236,261,196,252
ben,2236,2318,2260,2161,1944,1857
p38c,120,67,89,129,117,88
ATPsynepsilonL,92,112,123,108,94,82
CG43318,130,162,162,219,187,157
CG33284,6286,6713,6840,6698,5586,6498
CG15696,8,7,7,7,9,9
nod,68,64,49,75,44,48
CG46302,0,0,27,40,52,0
CG43165,21,34,32,31,20,16
retinin,9350,7457,8035,4492,3372,3280
CG30375,9,20,33,2,9,6
CG3045,76,70,83,92,70,70
CG6454,1309,1078,1047,1541,1169,1149
CG31908,2194,1899,1886,2330,2146,2348
CG32333,448,389,387,295,214,202
CG4957,269,248,296,309,261,224
Rcc1,957,1006,929,1205,841,878
wgn,1376,960,1032,1343,1063,1288
CR43215,0,0,0,0,0,0
Cpr49Ag,193,148,147,69,62,65
Tnks,952,653,848,896,692,773
sowah,702,600,551,760,573,540
CG6295,7621,1986,2196,7988,8445,5137
Ir56d,5,7,6,6,0,3
Gr22d,0,1,0,0,0,0
Dlip1,124,113,129,132,86,79
ND-51L2,407,465,417,609,433,399
GlyT,401,407,357,209,147,147
CG32196,43,61,44,42,49,31
RpL37A,6074,6968,5864,6690,5147,4648
Pgant35A,333,325,299,373,278,250
Coprox,1056,1249,1152,1301,1092,837
CycC,116,130,135,127,93,94
PRL-1,5379,3859,3814,5894,5048,5125
cv-c,3315,2795,2832,3631,2952,2761
srp,971,669,740,1060,970,1177
Odc1,608,615,601,481,366,259
CG43070,14,8,19,12,10,7
Rich,1342,1290,1263,1310,1082,893
CG4617,197,186,161,189,162,151
CG31091,28,22,26,148,148,75
CG11327,3949,4453,4246,5685,4786,4430
mRpL9,792,631,688,330,246,240
CG42372,0,258,5,0,228,195
CG31643,261,212,211,280,213,192
dpr8,395,415,339,207,163,205
CG8093,2364,1837,1929,2391,2119,1776
CG17612,180,228,206,215,170,219
Ir52d,2,3,3,1,1,2
CG45488,2124,1628,2091,2214,2632,1822
CG32219,165,178,171,230,229,176
JMJD7,123,159,132,141,112,78
GatC,475,432,0,466,348,349
CG14742,700,536,604,363,198,298
CG9389,12466,13102,13033,14624,13482,13057
PHDP,0,3,7,15,6,4
CG32695,197,317,234,273,192,184
CG32085,1449,1297,1288,1369,1221,1292
Hpd,1104,837,827,1952,1572,1069
CG2617,97,127,105,138,92,94
CG9406,967,1170,1133,713,586,392
Gli,1083,688,717,1217,1006,881
CG17726,317,268,316,432,306,278
Cpr49Ae,11977,8430,9594,5695,5248,5936
olf413,654,541,501,441,281,398
Vps39,312,295,291,341,263,239
CG14120,742,446,524,952,712,622
CG6299,1058,632,1016,1080,575,791
Adgf-C,241,194,157,250,194,167
CG7296,64,66,58,174,45,51
Baldspot,8625,7586,6534,10248,8073,8143
BBS1,74,82,75,48,50,39
CG31445,1469,1602,1421,2075,1797,1756
CG8360,1290,1265,1220,1408,1148,1052
tomboy40,975,1346,1343,1648,1330,958
pdm3,1146,1069,1034,1016,863,848
CG8301,280,284,194,141,118,141
Rx,47,35,38,57,35,37
CG42323,26,25,33,21,37,38
CG46310,426,563,710,0,0,741
CG4362,4,2,4,5,3,3
CG5938,2039,1796,1897,2194,1802,2025
vnd,652,174,248,590,529,491
Pp1-Y2,144,211,204,294,264,206
Uch-L5,1801,2082,2011,2519,2008,1776
Ssb-c31a,288,354,345,319,221,225
CG17129,741,887,726,858,750,765
CG12025,2585,2355,2353,2823,2438,2137
CG13157,0,3,2,1,1,0
CG13287,15,15,16,10,8,12
CG6843,339,319,319,297,304,321
